{
  "file_name": "body2_sub_22",
  "texture_size": [
    128,
    128
  ],
  "textures": {
    "layer0": "modelengine:entity/wither"
  },
  "elements": [
    {
      "name": "body2_sub_22_0",
      "from": [
        16.85554,
        -12.433878,
        8.720264
      ],
      "to": [
        18.055538,
        -11.233877,
        11.720264
      ],
      "rotation": {
        "angle": 0.0,
        "axis": "z",
        "origin": [
          8.0,
          8.0,
          8.0
        ]
      },
      "faces": {
        "down": {
          "uv": [
            6.875,
            6.875,
            6.625,
            7.5
          ],
          "texture": "#layer0",
          "tintindex": 0
        },
        "east": {
          "uv": [
            7.25,
            7.5,
            6.625,
            7.75
          ],
          "texture": "#layer0",
          "tintindex": 0
        },
        "north": {
          "uv": [
            6.625,
            7.5,
            6.375,
            7.75
          ],
          "texture": "#layer0",
          "tintindex": 0
        },
        "south": {
          "uv": [
            7.5,
            7.5,
            7.25,
            7.75
          ],
          "texture": "#layer0",
          "tintindex": 0
        },
        "up": {
          "uv": [
            6.375,
            7.5,
            6.625,
            6.875
          ],
          "texture": "#layer0",
          "tintindex": 0
        },
        "west": {
          "uv": [
            6.375,
            7.5,
            5.75,
            7.75
          ],
          "texture": "#layer0",
          "tintindex": 0
        }
      }
    }
  ],
  "display": {
    "head": {
      "translation": [
        0.0,
        -6.4,
        0.0
      ],
      "rotation": [
        0.0,
        0.0,
        0.0
      ],
      "scale": [
        3.8095,
        3.8095,
        3.8095
      ]
    },
    "gui": {
      "translation": [
        0.0,
        0.0,
        0.0
      ],
      "rotation": [
        35.0,
        225.0,
        0.0
      ],
      "scale": [
        0.625,
        0.625,
        0.625
      ]
    }
  }
}