{
  "file_name": "body2_sub_10",
  "texture_size": [
    128,
    128
  ],
  "textures": {
    "layer0": "modelengine:entity/wither"
  },
  "elements": [
    {
      "name": "body2_sub_10_0",
      "from": [
        15.950541,
        30.71397,
        19.438126
      ],
      "to": [
        16.55054,
        31.91397,
        21.238125
      ],
      "rotation": {
        "angle": 0.0,
        "axis": "z",
        "origin": [
          8.0,
          7.547817,
          8.0
        ]
      },
      "faces": {
        "down": {
          "uv": [
            9.0,
            10.125,
            8.875,
            10.5
          ],
          "texture": "#layer0",
          "tintindex": 0
        },
        "east": {
          "uv": [
            9.25,
            10.5,
            8.875,
            10.75
          ],
          "texture": "#layer0",
          "tintindex": 0
        },
        "north": {
          "uv": [
            8.875,
            10.5,
            8.75,
            10.75
          ],
          "texture": "#layer0",
          "tintindex": 0
        },
        "south": {
          "uv": [
            9.375,
            10.5,
            9.25,
            10.75
          ],
          "texture": "#layer0",
          "tintindex": 0
        },
        "up": {
          "uv": [
            8.75,
            10.5,
            8.875,
            10.125
          ],
          "texture": "#layer0",
          "tintindex": 0
        },
        "west": {
          "uv": [
            8.75,
            10.5,
            8.375,
            10.75
          ],
          "texture": "#layer0",
          "tintindex": 0
        }
      }
    },
    {
      "name": "body2_sub_10_1",
      "from": [
        16.55054,
        30.71397,
        20.638123
      ],
      "to": [
        17.15054,
        31.91397,
        21.238125
      ],
      "rotation": {
        "angle": 0.0,
        "axis": "z",
        "origin": [
          8.0,
          7.547817,
          8.0
        ]
      },
      "faces": {
        "down": {
          "uv": [
            1.0,
            2.875,
            0.875,
            3.0
          ],
          "texture": "#layer0",
          "tintindex": 0
        },
        "east": {
          "uv": [
            1.0,
            3.0,
            0.875,
            3.25
          ],
          "texture": "#layer0",
          "tintindex": 0
        },
        "north": {
          "uv": [
            0.875,
            3.0,
            0.75,
            3.25
          ],
          "texture": "#layer0",
          "tintindex": 0
        },
        "south": {
          "uv": [
            1.125,
            3.0,
            1.0,
            3.25
          ],
          "texture": "#layer0",
          "tintindex": 0
        },
        "up": {
          "uv": [
            0.75,
            3.0,
            0.875,
            2.875
          ],
          "texture": "#layer0",
          "tintindex": 0
        },
        "west": {
          "uv": [
            0.75,
            3.0,
            0.625,
            3.25
          ],
          "texture": "#layer0",
          "tintindex": 0
        }
      }
    },
    {
      "name": "body2_sub_10_2",
      "from": [
        16.555538,
        30.661259,
        19.454056
      ],
      "to": [
        17.15554,
        31.86126,
        20.654053
      ],
      "rotation": {
        "angle": 0.0,
        "axis": "z",
        "origin": [
          8.0,
          7.547817,
          8.0
        ]
      },
      "faces": {
        "down": {
          "uv": [
            8.625,
            3.375,
            8.5,
            3.625
          ],
          "texture": "#layer0",
          "tintindex": 0
        },
        "east": {
          "uv": [
            8.75,
            3.625,
            8.5,
            3.875
          ],
          "texture": "#layer0",
          "tintindex": 0
        },
        "north": {
          "uv": [
            8.5,
            3.625,
            8.375,
            3.875
          ],
          "texture": "#layer0",
          "tintindex": 0
        },
        "south": {
          "uv": [
            8.875,
            3.625,
            8.75,
            3.875
          ],
          "texture": "#layer0",
          "tintindex": 0
        },
        "up": {
          "uv": [
            8.375,
            3.625,
            8.5,
            3.375
          ],
          "texture": "#layer0",
          "tintindex": 0
        },
        "west": {
          "uv": [
            8.375,
            3.625,
            8.125,
            3.875
          ],
          "texture": "#layer0",
          "tintindex": 0
        }
      }
    },
    {
      "name": "body2_sub_10_3",
      "from": [
        17.15054,
        30.71397,
        19.438126
      ],
      "to": [
        17.750542,
        31.91397,
        21.238125
      ],
      "rotation": {
        "angle": 0.0,
        "axis": "z",
        "origin": [
          8.0,
          7.547817,
          8.0
        ]
      },
      "faces": {
        "down": {
          "uv": [
            5.0,
            9.625,
            4.875,
            10.0
          ],
          "texture": "#layer0",
          "tintindex": 0
        },
        "east": {
          "uv": [
            5.25,
            10.0,
            4.875,
            10.25
          ],
          "texture": "#layer0",
          "tintindex": 0
        },
        "north": {
          "uv": [
            4.875,
            10.0,
            4.75,
            10.25
          ],
          "texture": "#layer0",
          "tintindex": 0
        },
        "south": {
          "uv": [
            5.375,
            10.0,
            5.25,
            10.25
          ],
          "texture": "#layer0",
          "tintindex": 0
        },
        "up": {
          "uv": [
            4.75,
            10.0,
            4.875,
            9.625
          ],
          "texture": "#layer0",
          "tintindex": 0
        },
        "west": {
          "uv": [
            4.75,
            10.0,
            4.375,
            10.25
          ],
          "texture": "#layer0",
          "tintindex": 0
        }
      }
    },
    {
      "name": "body2_sub_10_4",
      "from": [
        15.805539,
        31.400002,
        19.31525
      ],
      "to": [
        16.40554,
        32.0,
        20.515251
      ],
      "rotation": {
        "angle": 0.0,
        "axis": "z",
        "origin": [
          8.0,
          7.547817,
          8.0
        ]
      },
      "faces": {
        "down": {
          "uv": [
            8.5,
            5.0,
            8.375,
            5.25
          ],
          "texture": "#layer0",
          "tintindex": 0
        },
        "east": {
          "uv": [
            8.625,
            5.25,
            8.375,
            5.375
          ],
          "texture": "#layer0",
          "tintindex": 0
        },
        "north": {
          "uv": [
            8.375,
            5.25,
            8.25,
            5.375
          ],
          "texture": "#layer0",
          "tintindex": 0
        },
        "south": {
          "uv": [
            8.75,
            5.25,
            8.625,
            5.375
          ],
          "texture": "#layer0",
          "tintindex": 0
        },
        "up": {
          "uv": [
            8.25,
            5.25,
            8.375,
            5.0
          ],
          "texture": "#layer0",
          "tintindex": 0
        },
        "west": {
          "uv": [
            8.25,
            5.25,
            8.0,
            5.375
          ],
          "texture": "#layer0",
          "tintindex": 0
        }
      }
    },
    {
      "name": "body2_sub_10_5",
      "from": [
        16.250542,
        28.52222,
        17.959286
      ],
      "to": [
        17.45054,
        29.722221,
        20.359287
      ],
      "rotation": {
        "angle": 0.0,
        "axis": "z",
        "origin": [
          8.0,
          7.547817,
          8.0
        ]
      },
      "faces": {
        "down": {
          "uv": [
            9.875,
            2.125,
            9.625,
            2.625
          ],
          "texture": "#layer0",
          "tintindex": 0
        },
        "east": {
          "uv": [
            10.125,
            2.625,
            9.625,
            2.875
          ],
          "texture": "#layer0",
          "tintindex": 0
        },
        "north": {
          "uv": [
            9.625,
            2.625,
            9.375,
            2.875
          ],
          "texture": "#layer0",
          "tintindex": 0
        },
        "south": {
          "uv": [
            10.375,
            2.625,
            10.125,
            2.875
          ],
          "texture": "#layer0",
          "tintindex": 0
        },
        "up": {
          "uv": [
            9.375,
            2.625,
            9.625,
            2.125
          ],
          "texture": "#layer0",
          "tintindex": 0
        },
        "west": {
          "uv": [
            9.375,
            2.625,
            8.875,
            2.875
          ],
          "texture": "#layer0",
          "tintindex": 0
        }
      }
    },
    {
      "name": "body2_sub_10_6",
      "from": [
        16.255539,
        27.57722,
        18.109287
      ],
      "to": [
        17.45554,
        28.177223,
        19.909286
      ],
      "rotation": {
        "angle": 0.0,
        "axis": "z",
        "origin": [
          8.0,
          7.547817,
          8.0
        ]
      },
      "faces": {
        "down": {
          "uv": [
            10.5,
            0.875,
            10.25,
            1.25
          ],
          "texture": "#layer0",
          "tintindex": 0
        },
        "east": {
          "uv": [
            10.625,
            1.25,
            10.25,
            1.375
          ],
          "texture": "#layer0",
          "tintindex": 0
        },
        "north": {
          "uv": [
            10.25,
            1.25,
            10.0,
            1.375
          ],
          "texture": "#layer0",
          "tintindex": 0
        },
        "south": {
          "uv": [
            10.875,
            1.25,
            10.625,
            1.375
          ],
          "texture": "#layer0",
          "tintindex": 0
        },
        "up": {
          "uv": [
            10.0,
            1.25,
            10.25,
            0.875
          ],
          "texture": "#layer0",
          "tintindex": 0
        },
        "west": {
          "uv": [
            10.0,
            1.25,
            9.625,
            1.375
          ],
          "texture": "#layer0",
          "tintindex": 0
        }
      }
    },
    {
      "name": "body2_sub_10_7",
      "from": [
        16.555538,
        28.072224,
        17.959286
      ],
      "to": [
        17.15554,
        28.672222,
        19.759285
      ],
      "rotation": {
        "angle": 0.0,
        "axis": "z",
        "origin": [
          8.0,
          7.547817,
          8.0
        ]
      },
      "faces": {
        "down": {
          "uv": [
            1.125,
            4.375,
            1.0,
            4.75
          ],
          "texture": "#layer0",
          "tintindex": 0
        },
        "east": {
          "uv": [
            1.375,
            4.75,
            1.0,
            4.875
          ],
          "texture": "#layer0",
          "tintindex": 0
        },
        "north": {
          "uv": [
            1.0,
            4.75,
            0.875,
            4.875
          ],
          "texture": "#layer0",
          "tintindex": 0
        },
        "south": {
          "uv": [
            1.5,
            4.75,
            1.375,
            4.875
          ],
          "texture": "#layer0",
          "tintindex": 0
        },
        "up": {
          "uv": [
            0.875,
            4.75,
            1.0,
            4.375
          ],
          "texture": "#layer0",
          "tintindex": 0
        },
        "west": {
          "uv": [
            0.875,
            4.75,
            0.5,
            4.875
          ],
          "texture": "#layer0",
          "tintindex": 0
        }
      }
    }
  ],
  "display": {
    "head": {
      "translation": [
        0.0,
        -4.67741,
        0.0
      ],
      "rotation": [
        0.0,
        0.0,
        0.0
      ],
      "scale": [
        3.8095,
        3.8095,
        3.8095
      ]
    },
    "gui": {
      "translation": [
        0.0,
        0.0,
        0.0
      ],
      "rotation": [
        35.0,
        225.0,
        0.0
      ],
      "scale": [
        0.625,
        0.625,
        0.625
      ]
    }
  }
}