{
  "file_name": "bone32",
  "texture_size": [
    128,
    128
  ],
  "textures": {
    "layer0": "modelengine:entity/wither"
  },
  "elements": [
    {
      "name": "bone32_0",
      "from": [
        2.6,
        30.740002,
        17.579773
      ],
      "to": [
        3.1999998,
        31.34,
        18.179775
      ],
      "rotation": {
        "angle": 0.0,
        "axis": "z",
        "origin": [
          8.0,
          5.703163,
          8.0
        ]
      },
      "faces": {
        "down": {
          "uv": [
            3.625,
            1.625,
            3.75,
            1.75
          ],
          "texture": "#layer0",
          "tintindex": 0
        },
        "east": {
          "uv": [
            3.375,
            1.75,
            3.5,
            1.875
          ],
          "texture": "#layer0",
          "tintindex": 0
        },
        "north": {
          "uv": [
            3.5,
            1.75,
            3.625,
            1.875
          ],
          "texture": "#layer0",
          "tintindex": 0
        },
        "south": {
          "uv": [
            3.75,
            1.75,
            3.875,
            1.875
          ],
          "texture": "#layer0",
          "tintindex": 0
        },
        "up": {
          "uv": [
            3.625,
            1.75,
            3.5,
            1.625
          ],
          "texture": "#layer0",
          "tintindex": 0
        },
        "west": {
          "uv": [
            3.625,
            1.75,
            3.75,
            1.875
          ],
          "texture": "#layer0",
          "tintindex": 0
        }
      }
    },
    {
      "name": "bone32_1",
      "from": [
        1.5499997,
        30.2,
        18.239775
      ],
      "to": [
        2.1499996,
        32.0,
        18.839775
      ],
      "rotation": {
        "angle": 0.0,
        "axis": "z",
        "origin": [
          8.0,
          5.703163,
          8.0
        ]
      },
      "faces": {
        "down": {
          "uv": [
            2.625,
            4.875,
            2.75,
            5.0
          ],
          "texture": "#layer0",
          "tintindex": 0
        },
        "east": {
          "uv": [
            2.375,
            5.0,
            2.5,
            5.375
          ],
          "texture": "#layer0",
          "tintindex": 0
        },
        "north": {
          "uv": [
            2.5,
            5.0,
            2.625,
            5.375
          ],
          "texture": "#layer0",
          "tintindex": 0
        },
        "south": {
          "uv": [
            2.75,
            5.0,
            2.875,
            5.375
          ],
          "texture": "#layer0",
          "tintindex": 0
        },
        "up": {
          "uv": [
            2.625,
            5.0,
            2.5,
            4.875
          ],
          "texture": "#layer0",
          "tintindex": 0
        },
        "west": {
          "uv": [
            2.625,
            5.0,
            2.75,
            5.375
          ],
          "texture": "#layer0",
          "tintindex": 0
        }
      }
    },
    {
      "name": "bone32_2",
      "from": [
        1.5499997,
        30.740002,
        18.839775
      ],
      "to": [
        2.1499996,
        31.940002,
        20.639774
      ],
      "rotation": {
        "angle": 0.0,
        "axis": "z",
        "origin": [
          8.0,
          5.703163,
          8.0
        ]
      },
      "faces": {
        "down": {
          "uv": [
            2.125,
            3.375,
            2.25,
            3.75
          ],
          "texture": "#layer0",
          "tintindex": 0
        },
        "east": {
          "uv": [
            1.625,
            3.75,
            2.0,
            4.0
          ],
          "texture": "#layer0",
          "tintindex": 0
        },
        "north": {
          "uv": [
            2.0,
            3.75,
            2.125,
            4.0
          ],
          "texture": "#layer0",
          "tintindex": 0
        },
        "south": {
          "uv": [
            2.5,
            3.75,
            2.625,
            4.0
          ],
          "texture": "#layer0",
          "tintindex": 0
        },
        "up": {
          "uv": [
            2.125,
            3.75,
            2.0,
            3.375
          ],
          "texture": "#layer0",
          "tintindex": 0
        },
        "west": {
          "uv": [
            2.125,
            3.75,
            2.5,
            4.0
          ],
          "texture": "#layer0",
          "tintindex": 0
        }
      }
    }
  ],
  "display": {
    "head": {
      "translation": [
        0.0,
        2.3497996,
        0.0
      ],
      "rotation": [
        0.0,
        0.0,
        0.0
      ],
      "scale": [
        3.8095,
        3.8095,
        3.8095
      ]
    },
    "gui": {
      "translation": [
        0.0,
        0.0,
        0.0
      ],
      "rotation": [
        35.0,
        225.0,
        0.0
      ],
      "scale": [
        0.625,
        0.625,
        0.625
      ]
    }
  }
}