{
  "file_name": "body3_sub_11",
  "texture_size": [
    128,
    128
  ],
  "textures": {
    "layer0": "modelengine:entity/wither"
  },
  "elements": [
    {
      "name": "body3_sub_11_0",
      "from": [
        11.207342,
        8.948846,
        6.4483156
      ],
      "to": [
        12.407342,
        10.148846,
        8.848316
      ],
      "rotation": {
        "angle": 0.0,
        "axis": "z",
        "origin": [
          8.0,
          8.0,
          8.0
        ]
      },
      "faces": {
        "down": {
          "uv": [
            2.0,
            9.0,
            1.75,
            9.5
          ],
          "texture": "#layer0",
          "tintindex": 0
        },
        "east": {
          "uv": [
            2.25,
            9.5,
            1.75,
            9.75
          ],
          "texture": "#layer0",
          "tintindex": 0
        },
        "north": {
          "uv": [
            1.75,
            9.5,
            1.5,
            9.75
          ],
          "texture": "#layer0",
          "tintindex": 0
        },
        "south": {
          "uv": [
            2.5,
            9.5,
            2.25,
            9.75
          ],
          "texture": "#layer0",
          "tintindex": 0
        },
        "up": {
          "uv": [
            1.5,
            9.5,
            1.75,
            9.0
          ],
          "texture": "#layer0",
          "tintindex": 0
        },
        "west": {
          "uv": [
            1.5,
            9.5,
            1.0,
            9.75
          ],
          "texture": "#layer0",
          "tintindex": 0
        }
      }
    },
    {
      "name": "body3_sub_11_1",
      "from": [
        12.407342,
        9.248846,
        7.1983156
      ],
      "to": [
        13.007342,
        9.848846,
        8.398316
      ],
      "rotation": {
        "angle": 0.0,
        "axis": "z",
        "origin": [
          8.0,
          8.0,
          8.0
        ]
      },
      "faces": {
        "down": {
          "uv": [
            11.0,
            4.5,
            10.875,
            4.75
          ],
          "texture": "#layer0",
          "tintindex": 0
        },
        "east": {
          "uv": [
            11.125,
            4.75,
            10.875,
            4.875
          ],
          "texture": "#layer0",
          "tintindex": 0
        },
        "north": {
          "uv": [
            10.875,
            4.75,
            10.75,
            4.875
          ],
          "texture": "#layer0",
          "tintindex": 0
        },
        "south": {
          "uv": [
            11.25,
            4.75,
            11.125,
            4.875
          ],
          "texture": "#layer0",
          "tintindex": 0
        },
        "up": {
          "uv": [
            10.75,
            4.75,
            10.875,
            4.5
          ],
          "texture": "#layer0",
          "tintindex": 0
        },
        "west": {
          "uv": [
            10.75,
            4.75,
            10.5,
            4.875
          ],
          "texture": "#layer0",
          "tintindex": 0
        }
      }
    },
    {
      "name": "body3_sub_11_2",
      "from": [
        13.007342,
        8.948846,
        7.048316
      ],
      "to": [
        13.607342,
        10.148846,
        8.848316
      ],
      "rotation": {
        "angle": 0.0,
        "axis": "z",
        "origin": [
          8.0,
          8.0,
          8.0
        ]
      },
      "faces": {
        "down": {
          "uv": [
            10.75,
            3.875,
            10.625,
            4.25
          ],
          "texture": "#layer0",
          "tintindex": 0
        },
        "east": {
          "uv": [
            11.0,
            4.25,
            10.625,
            4.5
          ],
          "texture": "#layer0",
          "tintindex": 0
        },
        "north": {
          "uv": [
            10.625,
            4.25,
            10.5,
            4.5
          ],
          "texture": "#layer0",
          "tintindex": 0
        },
        "south": {
          "uv": [
            11.125,
            4.25,
            11.0,
            4.5
          ],
          "texture": "#layer0",
          "tintindex": 0
        },
        "up": {
          "uv": [
            10.5,
            4.25,
            10.625,
            3.875
          ],
          "texture": "#layer0",
          "tintindex": 0
        },
        "west": {
          "uv": [
            10.5,
            4.25,
            10.125,
            4.5
          ],
          "texture": "#layer0",
          "tintindex": 0
        }
      }
    },
    {
      "name": "body3_sub_11_3",
      "from": [
        12.407342,
        8.948846,
        7.048316
      ],
      "to": [
        13.007342,
        9.548845,
        8.848316
      ],
      "rotation": {
        "angle": 0.0,
        "axis": "z",
        "origin": [
          8.0,
          8.0,
          8.0
        ]
      },
      "faces": {
        "down": {
          "uv": [
            10.5,
            7.375,
            10.375,
            7.75
          ],
          "texture": "#layer0",
          "tintindex": 0
        },
        "east": {
          "uv": [
            10.75,
            7.75,
            10.375,
            7.875
          ],
          "texture": "#layer0",
          "tintindex": 0
        },
        "north": {
          "uv": [
            10.375,
            7.75,
            10.25,
            7.875
          ],
          "texture": "#layer0",
          "tintindex": 0
        },
        "south": {
          "uv": [
            10.875,
            7.75,
            10.75,
            7.875
          ],
          "texture": "#layer0",
          "tintindex": 0
        },
        "up": {
          "uv": [
            10.25,
            7.75,
            10.375,
            7.375
          ],
          "texture": "#layer0",
          "tintindex": 0
        },
        "west": {
          "uv": [
            10.25,
            7.75,
            9.875,
            7.875
          ],
          "texture": "#layer0",
          "tintindex": 0
        }
      }
    },
    {
      "name": "body3_sub_11_4",
      "from": [
        11.207342,
        9.548845,
        5.248316
      ],
      "to": [
        13.607342,
        10.148846,
        6.4483156
      ],
      "rotation": {
        "angle": 0.0,
        "axis": "z",
        "origin": [
          8.0,
          8.0,
          8.0
        ]
      },
      "faces": {
        "down": {
          "uv": [
            5.75,
            2.75,
            5.25,
            3.0
          ],
          "texture": "#layer0",
          "tintindex": 0
        },
        "east": {
          "uv": [
            5.5,
            3.0,
            5.25,
            3.125
          ],
          "texture": "#layer0",
          "tintindex": 0
        },
        "north": {
          "uv": [
            5.25,
            3.0,
            4.75,
            3.125
          ],
          "texture": "#layer0",
          "tintindex": 0
        },
        "south": {
          "uv": [
            6.0,
            3.0,
            5.5,
            3.125
          ],
          "texture": "#layer0",
          "tintindex": 0
        },
        "up": {
          "uv": [
            4.75,
            3.0,
            5.25,
            2.75
          ],
          "texture": "#layer0",
          "tintindex": 0
        },
        "west": {
          "uv": [
            4.75,
            3.0,
            4.5,
            3.125
          ],
          "texture": "#layer0",
          "tintindex": 0
        }
      }
    },
    {
      "name": "body3_sub_11_5",
      "from": [
        11.507342,
        8.648846,
        5.398316
      ],
      "to": [
        13.307342,
        9.848846,
        7.1983156
      ],
      "rotation": {
        "angle": 0.0,
        "axis": "z",
        "origin": [
          8.0,
          8.0,
          8.0
        ]
      },
      "faces": {
        "down": {
          "uv": [
            3.625,
            9.25,
            3.25,
            9.625
          ],
          "texture": "#layer0",
          "tintindex": 0
        },
        "east": {
          "uv": [
            3.625,
            9.625,
            3.25,
            9.875
          ],
          "texture": "#layer0",
          "tintindex": 0
        },
        "north": {
          "uv": [
            3.25,
            9.625,
            2.875,
            9.875
          ],
          "texture": "#layer0",
          "tintindex": 0
        },
        "south": {
          "uv": [
            4.0,
            9.625,
            3.625,
            9.875
          ],
          "texture": "#layer0",
          "tintindex": 0
        },
        "up": {
          "uv": [
            2.875,
            9.625,
            3.25,
            9.25
          ],
          "texture": "#layer0",
          "tintindex": 0
        },
        "west": {
          "uv": [
            2.875,
            9.625,
            2.5,
            9.875
          ],
          "texture": "#layer0",
          "tintindex": 0
        }
      }
    },
    {
      "name": "body3_sub_11_6",
      "from": [
        11.207342,
        6.698846,
        5.248316
      ],
      "to": [
        13.607342,
        9.0988455,
        7.048316
      ],
      "rotation": {
        "angle": 0.0,
        "axis": "z",
        "origin": [
          8.0,
          8.0,
          8.0
        ]
      },
      "faces": {
        "down": {
          "uv": [
            8.375,
            5.375,
            7.875,
            5.75
          ],
          "texture": "#layer0",
          "tintindex": 0
        },
        "east": {
          "uv": [
            8.25,
            5.75,
            7.875,
            6.25
          ],
          "texture": "#layer0",
          "tintindex": 0
        },
        "north": {
          "uv": [
            7.875,
            5.75,
            7.375,
            6.25
          ],
          "texture": "#layer0",
          "tintindex": 0
        },
        "south": {
          "uv": [
            8.75,
            5.75,
            8.25,
            6.25
          ],
          "texture": "#layer0",
          "tintindex": 0
        },
        "up": {
          "uv": [
            7.375,
            5.75,
            7.875,
            5.375
          ],
          "texture": "#layer0",
          "tintindex": 0
        },
        "west": {
          "uv": [
            7.375,
            5.75,
            7.0,
            6.25
          ],
          "texture": "#layer0",
          "tintindex": 0
        }
      }
    },
    {
      "name": "body3_sub_11_7",
      "from": [
        12.557342,
        -0.38758683,
        4.013876
      ],
      "to": [
        13.157342,
        0.21241307,
        4.613876
      ],
      "rotation": {
        "angle": 0.0,
        "axis": "z",
        "origin": [
          8.0,
          8.0,
          8.0
        ]
      },
      "faces": {
        "down": {
          "uv": [
            3.875,
            6.25,
            3.75,
            6.375
          ],
          "texture": "#layer0",
          "tintindex": 0
        },
        "east": {
          "uv": [
            3.875,
            6.375,
            3.75,
            6.5
          ],
          "texture": "#layer0",
          "tintindex": 0
        },
        "north": {
          "uv": [
            3.75,
            6.375,
            3.625,
            6.5
          ],
          "texture": "#layer0",
          "tintindex": 0
        },
        "south": {
          "uv": [
            4.0,
            6.375,
            3.875,
            6.5
          ],
          "texture": "#layer0",
          "tintindex": 0
        },
        "up": {
          "uv": [
            3.625,
            6.375,
            3.75,
            6.25
          ],
          "texture": "#layer0",
          "tintindex": 0
        },
        "west": {
          "uv": [
            3.625,
            6.375,
            3.5,
            6.5
          ],
          "texture": "#layer0",
          "tintindex": 0
        }
      }
    },
    {
      "name": "body3_sub_11_8",
      "from": [
        11.657342,
        -0.38758683,
        4.013876
      ],
      "to": [
        12.257342,
        0.21241307,
        4.613876
      ],
      "rotation": {
        "angle": 0.0,
        "axis": "z",
        "origin": [
          8.0,
          8.0,
          8.0
        ]
      },
      "faces": {
        "down": {
          "uv": [
            3.875,
            6.0,
            3.75,
            6.125
          ],
          "texture": "#layer0",
          "tintindex": 0
        },
        "east": {
          "uv": [
            3.875,
            6.125,
            3.75,
            6.25
          ],
          "texture": "#layer0",
          "tintindex": 0
        },
        "north": {
          "uv": [
            3.75,
            6.125,
            3.625,
            6.25
          ],
          "texture": "#layer0",
          "tintindex": 0
        },
        "south": {
          "uv": [
            4.0,
            6.125,
            3.875,
            6.25
          ],
          "texture": "#layer0",
          "tintindex": 0
        },
        "up": {
          "uv": [
            3.625,
            6.125,
            3.75,
            6.0
          ],
          "texture": "#layer0",
          "tintindex": 0
        },
        "west": {
          "uv": [
            3.625,
            6.125,
            3.5,
            6.25
          ],
          "texture": "#layer0",
          "tintindex": 0
        }
      }
    },
    {
      "name": "body3_sub_11_9",
      "from": [
        11.507342,
        0.39884543,
        2.398316
      ],
      "to": [
        13.307342,
        3.3988454,
        4.798316
      ],
      "rotation": {
        "angle": 0.0,
        "axis": "z",
        "origin": [
          8.0,
          8.0,
          8.0
        ]
      },
      "faces": {
        "down": {
          "uv": [
            7.0,
            5.75,
            6.625,
            6.25
          ],
          "texture": "#layer0",
          "tintindex": 0
        },
        "east": {
          "uv": [
            7.125,
            6.25,
            6.625,
            6.875
          ],
          "texture": "#layer0",
          "tintindex": 0
        },
        "north": {
          "uv": [
            6.625,
            6.25,
            6.25,
            6.875
          ],
          "texture": "#layer0",
          "tintindex": 0
        },
        "south": {
          "uv": [
            7.5,
            6.25,
            7.125,
            6.875
          ],
          "texture": "#layer0",
          "tintindex": 0
        },
        "up": {
          "uv": [
            6.25,
            6.25,
            6.625,
            5.75
          ],
          "texture": "#layer0",
          "tintindex": 0
        },
        "west": {
          "uv": [
            6.25,
            6.25,
            5.75,
            6.875
          ],
          "texture": "#layer0",
          "tintindex": 0
        }
      }
    },
    {
      "name": "body3_sub_11_10",
      "from": [
        11.807342,
        -1.8511548,
        4.9483156
      ],
      "to": [
        13.007342,
        1.7488455,
        5.548316
      ],
      "rotation": {
        "angle": 0.0,
        "axis": "z",
        "origin": [
          8.0,
          8.0,
          8.0
        ]
      },
      "faces": {
        "down": {
          "uv": [
            0.625,
            0.0,
            0.375,
            0.125
          ],
          "texture": "#layer0",
          "tintindex": 0
        },
        "east": {
          "uv": [
            0.5,
            0.125,
            0.375,
            0.875
          ],
          "texture": "#layer0",
          "tintindex": 0
        },
        "north": {
          "uv": [
            0.375,
            0.125,
            0.125,
            0.875
          ],
          "texture": "#layer0",
          "tintindex": 0
        },
        "south": {
          "uv": [
            0.75,
            0.125,
            0.5,
            0.875
          ],
          "texture": "#layer0",
          "tintindex": 0
        },
        "up": {
          "uv": [
            0.125,
            0.125,
            0.375,
            0.0
          ],
          "texture": "#layer0",
          "tintindex": 0
        },
        "west": {
          "uv": [
            0.125,
            0.125,
            0.0,
            0.875
          ],
          "texture": "#layer0",
          "tintindex": 0
        }
      }
    },
    {
      "name": "body3_sub_11_11",
      "from": [
        11.807342,
        -3.2011547,
        4.9483156
      ],
      "to": [
        13.007342,
        -2.001155,
        5.548316
      ],
      "rotation": {
        "angle": 0.0,
        "axis": "z",
        "origin": [
          8.0,
          8.0,
          8.0
        ]
      },
      "faces": {
        "down": {
          "uv": [
            11.125,
            1.375,
            10.875,
            1.5
          ],
          "texture": "#layer0",
          "tintindex": 0
        },
        "east": {
          "uv": [
            11.0,
            1.5,
            10.875,
            1.75
          ],
          "texture": "#layer0",
          "tintindex": 0
        },
        "north": {
          "uv": [
            10.875,
            1.5,
            10.625,
            1.75
          ],
          "texture": "#layer0",
          "tintindex": 0
        },
        "south": {
          "uv": [
            11.25,
            1.5,
            11.0,
            1.75
          ],
          "texture": "#layer0",
          "tintindex": 0
        },
        "up": {
          "uv": [
            10.625,
            1.5,
            10.875,
            1.375
          ],
          "texture": "#layer0",
          "tintindex": 0
        },
        "west": {
          "uv": [
            10.625,
            1.5,
            10.5,
            1.75
          ],
          "texture": "#layer0",
          "tintindex": 0
        }
      }
    },
    {
      "name": "body3_sub_11_12",
      "from": [
        11.507342,
        5.0488453,
        4.648316
      ],
      "to": [
        13.307342,
        6.2488456,
        7.048316
      ],
      "rotation": {
        "angle": 0.0,
        "axis": "z",
        "origin": [
          8.0,
          8.0,
          8.0
        ]
      },
      "faces": {
        "down": {
          "uv": [
            8.875,
            2.625,
            8.5,
            3.125
          ],
          "texture": "#layer0",
          "tintindex": 0
        },
        "east": {
          "uv": [
            9.0,
            3.125,
            8.5,
            3.375
          ],
          "texture": "#layer0",
          "tintindex": 0
        },
        "north": {
          "uv": [
            8.5,
            3.125,
            8.125,
            3.375
          ],
          "texture": "#layer0",
          "tintindex": 0
        },
        "south": {
          "uv": [
            9.375,
            3.125,
            9.0,
            3.375
          ],
          "texture": "#layer0",
          "tintindex": 0
        },
        "up": {
          "uv": [
            8.125,
            3.125,
            8.5,
            2.625
          ],
          "texture": "#layer0",
          "tintindex": 0
        },
        "west": {
          "uv": [
            8.125,
            3.125,
            7.625,
            3.375
          ],
          "texture": "#layer0",
          "tintindex": 0
        }
      }
    },
    {
      "name": "body3_sub_11_13",
      "from": [
        10.907342,
        8.498846,
        4.9483156
      ],
      "to": [
        11.507342,
        10.298845,
        7.948316
      ],
      "rotation": {
        "angle": 0.0,
        "axis": "z",
        "origin": [
          8.0,
          8.0,
          8.0
        ]
      },
      "faces": {
        "down": {
          "uv": [
            5.25,
            7.625,
            5.125,
            8.25
          ],
          "texture": "#layer0",
          "tintindex": 0
        },
        "east": {
          "uv": [
            5.75,
            8.25,
            5.125,
            8.625
          ],
          "texture": "#layer0",
          "tintindex": 0
        },
        "north": {
          "uv": [
            5.125,
            8.25,
            5.0,
            8.625
          ],
          "texture": "#layer0",
          "tintindex": 0
        },
        "south": {
          "uv": [
            5.875,
            8.25,
            5.75,
            8.625
          ],
          "texture": "#layer0",
          "tintindex": 0
        },
        "up": {
          "uv": [
            5.0,
            8.25,
            5.125,
            7.625
          ],
          "texture": "#layer0",
          "tintindex": 0
        },
        "west": {
          "uv": [
            5.0,
            8.25,
            4.375,
            8.625
          ],
          "texture": "#layer0",
          "tintindex": 0
        }
      }
    }
  ],
  "display": {
    "head": {
      "translation": [
        0.0,
        -6.4,
        0.0
      ],
      "rotation": [
        0.0,
        0.0,
        0.0
      ],
      "scale": [
        3.8095,
        3.8095,
        3.8095
      ]
    },
    "gui": {
      "translation": [
        0.0,
        0.0,
        0.0
      ],
      "rotation": [
        35.0,
        225.0,
        0.0
      ],
      "scale": [
        0.625,
        0.625,
        0.625
      ]
    }
  }
}