{
  "file_name": "bottom2",
  "texture_size": [
    64,
    64
  ],
  "textures": {
    "layer0": "modelengine:entity/goblin"
  },
  "elements": [
    {
      "name": "bottom2_0",
      "from": [
        7.1825,
        5.87,
        7.3325
      ],
      "to": [
        8.7425,
        8.030001,
        8.8925
      ],
      "rotation": {
        "angle": 0.0,
        "axis": "z",
        "origin": [
          8.0,
          8.0,
          8.0
        ]
      },
      "faces": {
        "down": {
          "uv": [
            0.0,
            13.5,
            0.75,
            14.25
          ],
          "texture": "#layer0",
          "tintindex": 0
        },
        "east": {
          "uv": [
            12.5,
            1.0,
            13.25,
            2.0
          ],
          "texture": "#layer0",
          "tintindex": 0
        },
        "north": {
          "uv": [
            12.5,
            0.0,
            13.25,
            1.0
          ],
          "texture": "#layer0",
          "tintindex": 0
        },
        "south": {
          "uv": [
            12.5,
            2.0,
            13.25,
            3.0
          ],
          "texture": "#layer0",
          "tintindex": 0
        },
        "up": {
          "uv": [
            14.0,
            11.75,
            13.25,
            11.0
          ],
          "texture": "#layer0",
          "tintindex": 0
        },
        "west": {
          "uv": [
            12.5,
            6.75,
            13.25,
            7.75
          ],
          "texture": "#layer0",
          "tintindex": 0
        }
      }
    },
    {
      "name": "bottom2_1",
      "from": [
        7.0625,
        4.6625,
        6.0125
      ],
      "to": [
        8.8625,
        5.8625,
        9.0125
      ],
      "rotation": {
        "angle": 0.0,
        "axis": "z",
        "origin": [
          8.0,
          8.0,
          8.0
        ]
      },
      "faces": {
        "down": {
          "uv": [
            12.0,
            12.5,
            12.75,
            13.75
          ],
          "texture": "#layer0",
          "tintindex": 0
        },
        "east": {
          "uv": [
            13.0,
            5.5,
            14.25,
            6.0
          ],
          "texture": "#layer0",
          "tintindex": 0
        },
        "north": {
          "uv": [
            13.5,
            9.5,
            14.25,
            10.0
          ],
          "texture": "#layer0",
          "tintindex": 0
        },
        "south": {
          "uv": [
            13.5,
            10.0,
            14.25,
            10.5
          ],
          "texture": "#layer0",
          "tintindex": 0
        },
        "up": {
          "uv": [
            12.0,
            13.75,
            11.25,
            12.5
          ],
          "texture": "#layer0",
          "tintindex": 0
        },
        "west": {
          "uv": [
            13.0,
            6.0,
            14.25,
            6.5
          ],
          "texture": "#layer0",
          "tintindex": 0
        }
      }
    }
  ],
  "display": {
    "head": {
      "translation": [
        0.0,
        -6.4,
        0.0
      ],
      "rotation": [
        0.0,
        0.0,
        0.0
      ],
      "scale": [
        3.8095,
        3.8095,
        3.8095
      ]
    },
    "gui": {
      "translation": [
        0.0,
        0.0,
        0.0
      ],
      "rotation": [
        35.0,
        225.0,
        0.0
      ],
      "scale": [
        0.625,
        0.625,
        0.625
      ]
    }
  }
}