{
  "file_name": "body1_sub_1",
  "texture_size": [
    128,
    128
  ],
  "textures": {
    "layer0": "modelengine:entity/wither"
  },
  "elements": [
    {
      "name": "body1_sub_1_0",
      "from": [
        8.15,
        30.8,
        17.850094
      ],
      "to": [
        8.75,
        32.0,
        18.450092
      ],
      "rotation": {
        "angle": 0.0,
        "axis": "z",
        "origin": [
          8.0,
          7.1800995,
          8.0
        ]
      },
      "faces": {
        "down": {
          "uv": [
            6.25,
            4.5,
            6.125,
            4.625
          ],
          "texture": "#layer0",
          "tintindex": 0
        },
        "east": {
          "uv": [
            6.25,
            4.625,
            6.125,
            4.875
          ],
          "texture": "#layer0",
          "tintindex": 0
        },
        "north": {
          "uv": [
            6.125,
            4.625,
            6.0,
            4.875
          ],
          "texture": "#layer0",
          "tintindex": 0
        },
        "south": {
          "uv": [
            6.375,
            4.625,
            6.25,
            4.875
          ],
          "texture": "#layer0",
          "tintindex": 0
        },
        "up": {
          "uv": [
            6.0,
            4.625,
            6.125,
            4.5
          ],
          "texture": "#layer0",
          "tintindex": 0
        },
        "west": {
          "uv": [
            6.0,
            4.625,
            5.875,
            4.875
          ],
          "texture": "#layer0",
          "tintindex": 0
        }
      }
    },
    {
      "name": "body1_sub_1_1",
      "from": [
        9.5,
        29.561634,
        19.239231
      ],
      "to": [
        10.700001,
        31.361637,
        21.639229
      ],
      "rotation": {
        "angle": 0.0,
        "axis": "z",
        "origin": [
          8.0,
          7.1800995,
          8.0
        ]
      },
      "faces": {
        "down": {
          "uv": [
            9.5,
            3.375,
            9.25,
            3.875
          ],
          "texture": "#layer0",
          "tintindex": 0
        },
        "east": {
          "uv": [
            9.75,
            3.875,
            9.25,
            4.25
          ],
          "texture": "#layer0",
          "tintindex": 0
        },
        "north": {
          "uv": [
            9.25,
            3.875,
            9.0,
            4.25
          ],
          "texture": "#layer0",
          "tintindex": 0
        },
        "south": {
          "uv": [
            10.0,
            3.875,
            9.75,
            4.25
          ],
          "texture": "#layer0",
          "tintindex": 0
        },
        "up": {
          "uv": [
            9.0,
            3.875,
            9.25,
            3.375
          ],
          "texture": "#layer0",
          "tintindex": 0
        },
        "west": {
          "uv": [
            9.0,
            3.875,
            8.5,
            4.25
          ],
          "texture": "#layer0",
          "tintindex": 0
        }
      }
    },
    {
      "name": "body1_sub_1_2",
      "from": [
        8.6,
        27.761635,
        15.430383
      ],
      "to": [
        11.0,
        30.161636,
        17.230383
      ],
      "rotation": {
        "angle": 0.0,
        "axis": "z",
        "origin": [
          8.0,
          7.1800995,
          8.0
        ]
      },
      "faces": {
        "down": {
          "uv": [
            8.625,
            1.75,
            8.125,
            2.125
          ],
          "texture": "#layer0",
          "tintindex": 0
        },
        "east": {
          "uv": [
            8.5,
            2.125,
            8.125,
            2.625
          ],
          "texture": "#layer0",
          "tintindex": 0
        },
        "north": {
          "uv": [
            8.125,
            2.125,
            7.625,
            2.625
          ],
          "texture": "#layer0",
          "tintindex": 0
        },
        "south": {
          "uv": [
            9.0,
            2.125,
            8.5,
            2.625
          ],
          "texture": "#layer0",
          "tintindex": 0
        },
        "up": {
          "uv": [
            7.625,
            2.125,
            8.125,
            1.75
          ],
          "texture": "#layer0",
          "tintindex": 0
        },
        "west": {
          "uv": [
            7.625,
            2.125,
            7.25,
            2.625
          ],
          "texture": "#layer0",
          "tintindex": 0
        }
      }
    },
    {
      "name": "body1_sub_1_3",
      "from": [
        7.79,
        23.631256,
        16.490385
      ],
      "to": [
        8.99,
        25.431255,
        17.690384
      ],
      "rotation": {
        "angle": 0.0,
        "axis": "z",
        "origin": [
          8.0,
          7.1800995,
          8.0
        ]
      },
      "faces": {
        "down": {
          "uv": [
            0.75,
            10.25,
            0.5,
            10.5
          ],
          "texture": "#layer0",
          "tintindex": 0
        },
        "east": {
          "uv": [
            0.75,
            10.5,
            0.5,
            10.875
          ],
          "texture": "#layer0",
          "tintindex": 0
        },
        "north": {
          "uv": [
            0.5,
            10.5,
            0.25,
            10.875
          ],
          "texture": "#layer0",
          "tintindex": 0
        },
        "south": {
          "uv": [
            1.0,
            10.5,
            0.75,
            10.875
          ],
          "texture": "#layer0",
          "tintindex": 0
        },
        "up": {
          "uv": [
            0.25,
            10.5,
            0.5,
            10.25
          ],
          "texture": "#layer0",
          "tintindex": 0
        },
        "west": {
          "uv": [
            0.25,
            10.5,
            0.0,
            10.875
          ],
          "texture": "#layer0",
          "tintindex": 0
        }
      }
    },
    {
      "name": "body1_sub_1_4",
      "from": [
        9.5,
        27.712269,
        19.354328
      ],
      "to": [
        10.700001,
        30.112267,
        20.554329
      ],
      "rotation": {
        "angle": 0.0,
        "axis": "z",
        "origin": [
          8.0,
          7.1800995,
          8.0
        ]
      },
      "faces": {
        "down": {
          "uv": [
            10.625,
            1.875,
            10.375,
            2.125
          ],
          "texture": "#layer0",
          "tintindex": 0
        },
        "east": {
          "uv": [
            10.625,
            2.125,
            10.375,
            2.625
          ],
          "texture": "#layer0",
          "tintindex": 0
        },
        "north": {
          "uv": [
            10.375,
            2.125,
            10.125,
            2.625
          ],
          "texture": "#layer0",
          "tintindex": 0
        },
        "south": {
          "uv": [
            10.875,
            2.125,
            10.625,
            2.625
          ],
          "texture": "#layer0",
          "tintindex": 0
        },
        "up": {
          "uv": [
            10.125,
            2.125,
            10.375,
            1.875
          ],
          "texture": "#layer0",
          "tintindex": 0
        },
        "west": {
          "uv": [
            10.125,
            2.125,
            9.875,
            2.625
          ],
          "texture": "#layer0",
          "tintindex": 0
        }
      }
    },
    {
      "name": "body1_sub_1_5",
      "from": [
        8.9,
        27.78727,
        19.224422
      ],
      "to": [
        9.5,
        30.187267,
        20.424423
      ],
      "rotation": {
        "angle": 0.0,
        "axis": "z",
        "origin": [
          8.0,
          7.1800995,
          8.0
        ]
      },
      "faces": {
        "down": {
          "uv": [
            4.875,
            6.0,
            4.75,
            6.25
          ],
          "texture": "#layer0",
          "tintindex": 0
        },
        "east": {
          "uv": [
            5.0,
            6.25,
            4.75,
            6.75
          ],
          "texture": "#layer0",
          "tintindex": 0
        },
        "north": {
          "uv": [
            4.75,
            6.25,
            4.625,
            6.75
          ],
          "texture": "#layer0",
          "tintindex": 0
        },
        "south": {
          "uv": [
            5.125,
            6.25,
            5.0,
            6.75
          ],
          "texture": "#layer0",
          "tintindex": 0
        },
        "up": {
          "uv": [
            4.625,
            6.25,
            4.75,
            6.0
          ],
          "texture": "#layer0",
          "tintindex": 0
        },
        "west": {
          "uv": [
            4.625,
            6.25,
            4.375,
            6.75
          ],
          "texture": "#layer0",
          "tintindex": 0
        }
      }
    },
    {
      "name": "body1_sub_1_6",
      "from": [
        7.85,
        27.591019,
        20.184326
      ],
      "to": [
        9.05,
        28.79102,
        21.384327
      ],
      "rotation": {
        "angle": 0.0,
        "axis": "z",
        "origin": [
          8.0,
          7.1800995,
          8.0
        ]
      },
      "faces": {
        "down": {
          "uv": [
            11.0,
            6.125,
            10.75,
            6.375
          ],
          "texture": "#layer0",
          "tintindex": 0
        },
        "east": {
          "uv": [
            11.0,
            6.375,
            10.75,
            6.625
          ],
          "texture": "#layer0",
          "tintindex": 0
        },
        "north": {
          "uv": [
            10.75,
            6.375,
            10.5,
            6.625
          ],
          "texture": "#layer0",
          "tintindex": 0
        },
        "south": {
          "uv": [
            11.25,
            6.375,
            11.0,
            6.625
          ],
          "texture": "#layer0",
          "tintindex": 0
        },
        "up": {
          "uv": [
            10.5,
            6.375,
            10.75,
            6.125
          ],
          "texture": "#layer0",
          "tintindex": 0
        },
        "west": {
          "uv": [
            10.5,
            6.375,
            10.25,
            6.625
          ],
          "texture": "#layer0",
          "tintindex": 0
        }
      }
    },
    {
      "name": "body1_sub_1_7",
      "from": [
        7.85,
        29.111023,
        20.184326
      ],
      "to": [
        9.05,
        30.311024,
        21.384327
      ],
      "rotation": {
        "angle": 0.0,
        "axis": "z",
        "origin": [
          8.0,
          7.1800995,
          8.0
        ]
      },
      "faces": {
        "down": {
          "uv": [
            10.125,
            10.25,
            9.875,
            10.5
          ],
          "texture": "#layer0",
          "tintindex": 0
        },
        "east": {
          "uv": [
            10.125,
            10.5,
            9.875,
            10.75
          ],
          "texture": "#layer0",
          "tintindex": 0
        },
        "north": {
          "uv": [
            9.875,
            10.5,
            9.625,
            10.75
          ],
          "texture": "#layer0",
          "tintindex": 0
        },
        "south": {
          "uv": [
            10.375,
            10.5,
            10.125,
            10.75
          ],
          "texture": "#layer0",
          "tintindex": 0
        },
        "up": {
          "uv": [
            9.625,
            10.5,
            9.875,
            10.25
          ],
          "texture": "#layer0",
          "tintindex": 0
        },
        "west": {
          "uv": [
            9.625,
            10.5,
            9.375,
            10.75
          ],
          "texture": "#layer0",
          "tintindex": 0
        }
      }
    },
    {
      "name": "body1_sub_1_8",
      "from": [
        7.76,
        28.511024,
        20.064327
      ],
      "to": [
        8.96,
        29.111023,
        21.264328
      ],
      "rotation": {
        "angle": 0.0,
        "axis": "z",
        "origin": [
          8.0,
          7.1800995,
          8.0
        ]
      },
      "faces": {
        "down": {
          "uv": [
            11.125,
            7.875,
            10.875,
            8.125
          ],
          "texture": "#layer0",
          "tintindex": 0
        },
        "east": {
          "uv": [
            11.125,
            8.125,
            10.875,
            8.25
          ],
          "texture": "#layer0",
          "tintindex": 0
        },
        "north": {
          "uv": [
            10.875,
            8.125,
            10.625,
            8.25
          ],
          "texture": "#layer0",
          "tintindex": 0
        },
        "south": {
          "uv": [
            11.375,
            8.125,
            11.125,
            8.25
          ],
          "texture": "#layer0",
          "tintindex": 0
        },
        "up": {
          "uv": [
            10.625,
            8.125,
            10.875,
            7.875
          ],
          "texture": "#layer0",
          "tintindex": 0
        },
        "west": {
          "uv": [
            10.625,
            8.125,
            10.375,
            8.25
          ],
          "texture": "#layer0",
          "tintindex": 0
        }
      }
    }
  ],
  "display": {
    "head": {
      "translation": [
        0.0,
        -3.2765892,
        0.0
      ],
      "rotation": [
        0.0,
        0.0,
        0.0
      ],
      "scale": [
        3.8095,
        3.8095,
        3.8095
      ]
    },
    "gui": {
      "translation": [
        0.0,
        0.0,
        0.0
      ],
      "rotation": [
        35.0,
        225.0,
        0.0
      ],
      "scale": [
        0.625,
        0.625,
        0.625
      ]
    }
  }
}