{
  "file_name": "body1_sub_7",
  "texture_size": [
    128,
    128
  ],
  "textures": {
    "layer0": "modelengine:entity/wither"
  },
  "elements": [
    {
      "name": "body1_sub_7_0",
      "from": [
        6.8,
        28.850002,
        4.5499997
      ],
      "to": [
        9.8,
        31.25,
        6.95
      ],
      "rotation": {
        "angle": 0.0,
        "axis": "z",
        "origin": [
          8.0,
          8.0,
          8.0
        ]
      },
      "faces": {
        "down": {
          "uv": [
            6.75,
            1.5,
            6.125,
            2.0
          ],
          "texture": "#layer0",
          "tintindex": 0
        },
        "east": {
          "uv": [
            6.625,
            2.0,
            6.125,
            2.5
          ],
          "texture": "#layer0",
          "tintindex": 0
        },
        "north": {
          "uv": [
            6.125,
            2.0,
            5.5,
            2.5
          ],
          "texture": "#layer0",
          "tintindex": 0
        },
        "south": {
          "uv": [
            7.25,
            2.0,
            6.625,
            2.5
          ],
          "texture": "#layer0",
          "tintindex": 0
        },
        "up": {
          "uv": [
            5.5,
            2.0,
            6.125,
            1.5
          ],
          "texture": "#layer0",
          "tintindex": 0
        },
        "west": {
          "uv": [
            5.5,
            2.0,
            5.0,
            2.5
          ],
          "texture": "#layer0",
          "tintindex": 0
        }
      }
    }
  ],
  "display": {
    "head": {
      "translation": [
        0.0,
        -6.4,
        0.0
      ],
      "rotation": [
        0.0,
        0.0,
        0.0
      ],
      "scale": [
        3.8095,
        3.8095,
        3.8095
      ]
    },
    "gui": {
      "translation": [
        0.0,
        0.0,
        0.0
      ],
      "rotation": [
        35.0,
        225.0,
        0.0
      ],
      "scale": [
        0.625,
        0.625,
        0.625
      ]
    }
  }
}