{
  "file_name": "bone19",
  "texture_size": [
    128,
    128
  ],
  "textures": {
    "layer0": "modelengine:entity/wither"
  },
  "elements": [
    {
      "name": "bone19_0",
      "from": [
        -0.5555382,
        12.006285,
        27.799995
      ],
      "to": [
        0.044461966,
        12.606284,
        30.799995
      ],
      "rotation": {
        "angle": 0.0,
        "axis": "z",
        "origin": [
          8.0,
          8.0,
          4.2797737
        ]
      },
      "faces": {
        "down": {
          "uv": [
            7.875,
            8.625,
            8.0,
            9.25
          ],
          "texture": "#layer0",
          "tintindex": 0
        },
        "east": {
          "uv": [
            7.125,
            9.25,
            7.75,
            9.375
          ],
          "texture": "#layer0",
          "tintindex": 0
        },
        "north": {
          "uv": [
            7.75,
            9.25,
            7.875,
            9.375
          ],
          "texture": "#layer0",
          "tintindex": 0
        },
        "south": {
          "uv": [
            8.5,
            9.25,
            8.625,
            9.375
          ],
          "texture": "#layer0",
          "tintindex": 0
        },
        "up": {
          "uv": [
            7.875,
            9.25,
            7.75,
            8.625
          ],
          "texture": "#layer0",
          "tintindex": 0
        },
        "west": {
          "uv": [
            7.875,
            9.25,
            8.5,
            9.375
          ],
          "texture": "#layer0",
          "tintindex": 0
        }
      }
    },
    {
      "name": "bone19_1",
      "from": [
        -1.1555381,
        11.963006,
        27.765953
      ],
      "to": [
        -0.5555382,
        12.563006,
        30.765953
      ],
      "rotation": {
        "angle": 0.0,
        "axis": "z",
        "origin": [
          8.0,
          8.0,
          4.2797737
        ]
      },
      "faces": {
        "down": {
          "uv": [
            7.0,
            8.375,
            7.125,
            9.0
          ],
          "texture": "#layer0",
          "tintindex": 0
        },
        "east": {
          "uv": [
            6.25,
            9.0,
            6.875,
            9.125
          ],
          "texture": "#layer0",
          "tintindex": 0
        },
        "north": {
          "uv": [
            6.875,
            9.0,
            7.0,
            9.125
          ],
          "texture": "#layer0",
          "tintindex": 0
        },
        "south": {
          "uv": [
            7.625,
            9.0,
            7.75,
            9.125
          ],
          "texture": "#layer0",
          "tintindex": 0
        },
        "up": {
          "uv": [
            7.0,
            9.0,
            6.875,
            8.375
          ],
          "texture": "#layer0",
          "tintindex": 0
        },
        "west": {
          "uv": [
            7.0,
            9.0,
            7.625,
            9.125
          ],
          "texture": "#layer0",
          "tintindex": 0
        }
      }
    },
    {
      "name": "bone19_2",
      "from": [
        -1.755538,
        12.006285,
        27.799995
      ],
      "to": [
        -1.1555381,
        12.606284,
        30.799995
      ],
      "rotation": {
        "angle": 0.0,
        "axis": "z",
        "origin": [
          8.0,
          8.0,
          4.2797737
        ]
      },
      "faces": {
        "down": {
          "uv": [
            4.375,
            8.625,
            4.5,
            9.25
          ],
          "texture": "#layer0",
          "tintindex": 0
        },
        "east": {
          "uv": [
            3.625,
            9.25,
            4.25,
            9.375
          ],
          "texture": "#layer0",
          "tintindex": 0
        },
        "north": {
          "uv": [
            4.25,
            9.25,
            4.375,
            9.375
          ],
          "texture": "#layer0",
          "tintindex": 0
        },
        "south": {
          "uv": [
            5.0,
            9.25,
            5.125,
            9.375
          ],
          "texture": "#layer0",
          "tintindex": 0
        },
        "up": {
          "uv": [
            4.375,
            9.25,
            4.25,
            8.625
          ],
          "texture": "#layer0",
          "tintindex": 0
        },
        "west": {
          "uv": [
            4.375,
            9.25,
            5.0,
            9.375
          ],
          "texture": "#layer0",
          "tintindex": 0
        }
      }
    },
    {
      "name": "bone19_3",
      "from": [
        -3.1055384,
        11.556284,
        29.599998
      ],
      "to": [
        -1.9055381,
        12.156284,
        32.0
      ],
      "rotation": {
        "angle": 0.0,
        "axis": "z",
        "origin": [
          8.0,
          8.0,
          4.2797737
        ]
      },
      "faces": {
        "down": {
          "uv": [
            9.875,
            8.625,
            10.125,
            9.125
          ],
          "texture": "#layer0",
          "tintindex": 0
        },
        "east": {
          "uv": [
            9.125,
            9.125,
            9.625,
            9.25
          ],
          "texture": "#layer0",
          "tintindex": 0
        },
        "north": {
          "uv": [
            9.625,
            9.125,
            9.875,
            9.25
          ],
          "texture": "#layer0",
          "tintindex": 0
        },
        "south": {
          "uv": [
            10.375,
            9.125,
            10.625,
            9.25
          ],
          "texture": "#layer0",
          "tintindex": 0
        },
        "up": {
          "uv": [
            9.875,
            9.125,
            9.625,
            8.625
          ],
          "texture": "#layer0",
          "tintindex": 0
        },
        "west": {
          "uv": [
            9.875,
            9.125,
            10.375,
            9.25
          ],
          "texture": "#layer0",
          "tintindex": 0
        }
      }
    },
    {
      "name": "bone19_4",
      "from": [
        -3.1055384,
        10.656284,
        27.799995
      ],
      "to": [
        -1.9055381,
        11.256285,
        30.199997
      ],
      "rotation": {
        "angle": 0.0,
        "axis": "z",
        "origin": [
          8.0,
          8.0,
          4.2797737
        ]
      },
      "faces": {
        "down": {
          "uv": [
            9.375,
            1.5,
            9.625,
            2.0
          ],
          "texture": "#layer0",
          "tintindex": 0
        },
        "east": {
          "uv": [
            8.625,
            2.0,
            9.125,
            2.125
          ],
          "texture": "#layer0",
          "tintindex": 0
        },
        "north": {
          "uv": [
            9.125,
            2.0,
            9.375,
            2.125
          ],
          "texture": "#layer0",
          "tintindex": 0
        },
        "south": {
          "uv": [
            9.875,
            2.0,
            10.125,
            2.125
          ],
          "texture": "#layer0",
          "tintindex": 0
        },
        "up": {
          "uv": [
            9.375,
            2.0,
            9.125,
            1.5
          ],
          "texture": "#layer0",
          "tintindex": 0
        },
        "west": {
          "uv": [
            9.375,
            2.0,
            9.875,
            2.125
          ],
          "texture": "#layer0",
          "tintindex": 0
        }
      }
    },
    {
      "name": "bone19_5",
      "from": [
        -2.9555383,
        9.756285,
        30.049995
      ],
      "to": [
        -1.755538,
        13.956284,
        31.849998
      ],
      "rotation": {
        "angle": 0.0,
        "axis": "z",
        "origin": [
          8.0,
          8.0,
          4.2797737
        ]
      },
      "faces": {
        "down": {
          "uv": [
            2.125,
            7.75,
            2.375,
            8.125
          ],
          "texture": "#layer0",
          "tintindex": 0
        },
        "east": {
          "uv": [
            1.5,
            8.125,
            1.875,
            9.0
          ],
          "texture": "#layer0",
          "tintindex": 0
        },
        "north": {
          "uv": [
            1.875,
            8.125,
            2.125,
            9.0
          ],
          "texture": "#layer0",
          "tintindex": 0
        },
        "south": {
          "uv": [
            2.5,
            8.125,
            2.75,
            9.0
          ],
          "texture": "#layer0",
          "tintindex": 0
        },
        "up": {
          "uv": [
            2.125,
            8.125,
            1.875,
            7.75
          ],
          "texture": "#layer0",
          "tintindex": 0
        },
        "west": {
          "uv": [
            2.125,
            8.125,
            2.5,
            9.0
          ],
          "texture": "#layer0",
          "tintindex": 0
        }
      }
    },
    {
      "name": "bone19_6",
      "from": [
        -2.9555383,
        8.856284,
        27.949997
      ],
      "to": [
        -1.755538,
        13.056284,
        29.749996
      ],
      "rotation": {
        "angle": 0.0,
        "axis": "z",
        "origin": [
          8.0,
          8.0,
          4.2797737
        ]
      },
      "faces": {
        "down": {
          "uv": [
            7.75,
            7.375,
            8.0,
            7.75
          ],
          "texture": "#layer0",
          "tintindex": 0
        },
        "east": {
          "uv": [
            7.125,
            7.75,
            7.5,
            8.625
          ],
          "texture": "#layer0",
          "tintindex": 0
        },
        "north": {
          "uv": [
            7.5,
            7.75,
            7.75,
            8.625
          ],
          "texture": "#layer0",
          "tintindex": 0
        },
        "south": {
          "uv": [
            8.125,
            7.75,
            8.375,
            8.625
          ],
          "texture": "#layer0",
          "tintindex": 0
        },
        "up": {
          "uv": [
            7.75,
            7.75,
            7.5,
            7.375
          ],
          "texture": "#layer0",
          "tintindex": 0
        },
        "west": {
          "uv": [
            7.75,
            7.75,
            8.125,
            8.625
          ],
          "texture": "#layer0",
          "tintindex": 0
        }
      }
    },
    {
      "name": "bone19_7",
      "from": [
        -0.40553808,
        12.156284,
        28.999996
      ],
      "to": [
        0.19446182,
        12.756285,
        30.799995
      ],
      "rotation": {
        "angle": 0.0,
        "axis": "z",
        "origin": [
          8.0,
          8.0,
          4.2797737
        ]
      },
      "faces": {
        "down": {
          "uv": [
            7.375,
            0.0,
            7.5,
            0.375
          ],
          "texture": "#layer0",
          "tintindex": 0
        },
        "east": {
          "uv": [
            6.875,
            0.375,
            7.25,
            0.5
          ],
          "texture": "#layer0",
          "tintindex": 0
        },
        "north": {
          "uv": [
            7.25,
            0.375,
            7.375,
            0.5
          ],
          "texture": "#layer0",
          "tintindex": 0
        },
        "south": {
          "uv": [
            7.75,
            0.375,
            7.875,
            0.5
          ],
          "texture": "#layer0",
          "tintindex": 0
        },
        "up": {
          "uv": [
            7.375,
            0.375,
            7.25,
            0.0
          ],
          "texture": "#layer0",
          "tintindex": 0
        },
        "west": {
          "uv": [
            7.375,
            0.375,
            7.75,
            0.5
          ],
          "texture": "#layer0",
          "tintindex": 0
        }
      }
    },
    {
      "name": "bone19_8",
      "from": [
        -1.6055384,
        9.756285,
        29.299995
      ],
      "to": [
        -0.40553808,
        12.156284,
        29.899998
      ],
      "rotation": {
        "angle": 0.0,
        "axis": "z",
        "origin": [
          8.0,
          8.0,
          4.2797737
        ]
      },
      "faces": {
        "down": {
          "uv": [
            10.75,
            10.375,
            11.0,
            10.5
          ],
          "texture": "#layer0",
          "tintindex": 0
        },
        "east": {
          "uv": [
            10.375,
            10.5,
            10.5,
            11.0
          ],
          "texture": "#layer0",
          "tintindex": 0
        },
        "north": {
          "uv": [
            10.5,
            10.5,
            10.75,
            11.0
          ],
          "texture": "#layer0",
          "tintindex": 0
        },
        "south": {
          "uv": [
            10.875,
            10.5,
            11.125,
            11.0
          ],
          "texture": "#layer0",
          "tintindex": 0
        },
        "up": {
          "uv": [
            10.75,
            10.5,
            10.5,
            10.375
          ],
          "texture": "#layer0",
          "tintindex": 0
        },
        "west": {
          "uv": [
            10.75,
            10.5,
            10.875,
            11.0
          ],
          "texture": "#layer0",
          "tintindex": 0
        }
      }
    },
    {
      "name": "bone19_9",
      "from": [
        -0.70553803,
        9.751286,
        29.299995
      ],
      "to": [
        -0.10553813,
        12.151286,
        29.899998
      ],
      "rotation": {
        "angle": 0.0,
        "axis": "z",
        "origin": [
          8.0,
          8.0,
          4.2797737
        ]
      },
      "faces": {
        "down": {
          "uv": [
            0.75,
            6.0,
            0.875,
            6.125
          ],
          "texture": "#layer0",
          "tintindex": 0
        },
        "east": {
          "uv": [
            0.5,
            6.125,
            0.625,
            6.625
          ],
          "texture": "#layer0",
          "tintindex": 0
        },
        "north": {
          "uv": [
            0.625,
            6.125,
            0.75,
            6.625
          ],
          "texture": "#layer0",
          "tintindex": 0
        },
        "south": {
          "uv": [
            0.875,
            6.125,
            1.0,
            6.625
          ],
          "texture": "#layer0",
          "tintindex": 0
        },
        "up": {
          "uv": [
            0.75,
            6.125,
            0.625,
            6.0
          ],
          "texture": "#layer0",
          "tintindex": 0
        },
        "west": {
          "uv": [
            0.75,
            6.125,
            0.875,
            6.625
          ],
          "texture": "#layer0",
          "tintindex": 0
        }
      }
    },
    {
      "name": "bone19_10",
      "from": [
        -1.4555383,
        9.906284,
        28.549995
      ],
      "to": [
        -0.25553823,
        12.306284,
        30.949997
      ],
      "rotation": {
        "angle": 0.0,
        "axis": "z",
        "origin": [
          8.0,
          8.0,
          4.2797737
        ]
      },
      "faces": {
        "down": {
          "uv": [
            8.25,
            4.0,
            8.5,
            4.5
          ],
          "texture": "#layer0",
          "tintindex": 0
        },
        "east": {
          "uv": [
            7.5,
            4.5,
            8.0,
            5.0
          ],
          "texture": "#layer0",
          "tintindex": 0
        },
        "north": {
          "uv": [
            8.0,
            4.5,
            8.25,
            5.0
          ],
          "texture": "#layer0",
          "tintindex": 0
        },
        "south": {
          "uv": [
            8.75,
            4.5,
            9.0,
            5.0
          ],
          "texture": "#layer0",
          "tintindex": 0
        },
        "up": {
          "uv": [
            8.25,
            4.5,
            8.0,
            4.0
          ],
          "texture": "#layer0",
          "tintindex": 0
        },
        "west": {
          "uv": [
            8.25,
            4.5,
            8.75,
            5.0
          ],
          "texture": "#layer0",
          "tintindex": 0
        }
      }
    },
    {
      "name": "bone19_11",
      "from": [
        -1.755538,
        7.506284,
        24.649998
      ],
      "to": [
        -1.1555381,
        8.706284,
        25.249996
      ],
      "rotation": {
        "angle": 0.0,
        "axis": "z",
        "origin": [
          8.0,
          8.0,
          4.2797737
        ]
      },
      "faces": {
        "down": {
          "uv": [
            5.25,
            1.5,
            5.375,
            1.625
          ],
          "texture": "#layer0",
          "tintindex": 0
        },
        "east": {
          "uv": [
            5.0,
            1.625,
            5.125,
            1.875
          ],
          "texture": "#layer0",
          "tintindex": 0
        },
        "north": {
          "uv": [
            5.125,
            1.625,
            5.25,
            1.875
          ],
          "texture": "#layer0",
          "tintindex": 0
        },
        "south": {
          "uv": [
            5.375,
            1.625,
            5.5,
            1.875
          ],
          "texture": "#layer0",
          "tintindex": 0
        },
        "up": {
          "uv": [
            5.25,
            1.625,
            5.125,
            1.5
          ],
          "texture": "#layer0",
          "tintindex": 0
        },
        "west": {
          "uv": [
            5.25,
            1.625,
            5.375,
            1.875
          ],
          "texture": "#layer0",
          "tintindex": 0
        }
      }
    },
    {
      "name": "bone19_12",
      "from": [
        -1.755538,
        7.506284,
        25.549995
      ],
      "to": [
        -1.1555381,
        8.706284,
        27.349998
      ],
      "rotation": {
        "angle": 0.0,
        "axis": "z",
        "origin": [
          8.0,
          8.0,
          4.2797737
        ]
      },
      "faces": {
        "down": {
          "uv": [
            10.375,
            6.75,
            10.5,
            7.125
          ],
          "texture": "#layer0",
          "tintindex": 0
        },
        "east": {
          "uv": [
            9.875,
            7.125,
            10.25,
            7.375
          ],
          "texture": "#layer0",
          "tintindex": 0
        },
        "north": {
          "uv": [
            10.25,
            7.125,
            10.375,
            7.375
          ],
          "texture": "#layer0",
          "tintindex": 0
        },
        "south": {
          "uv": [
            10.75,
            7.125,
            10.875,
            7.375
          ],
          "texture": "#layer0",
          "tintindex": 0
        },
        "up": {
          "uv": [
            10.375,
            7.125,
            10.25,
            6.75
          ],
          "texture": "#layer0",
          "tintindex": 0
        },
        "west": {
          "uv": [
            10.375,
            7.125,
            10.75,
            7.375
          ],
          "texture": "#layer0",
          "tintindex": 0
        }
      }
    }
  ],
  "display": {
    "head": {
      "translation": [
        0.0,
        -6.4,
        14.172202
      ],
      "rotation": [
        0.0,
        0.0,
        0.0
      ],
      "scale": [
        3.8095,
        3.8095,
        3.8095
      ]
    },
    "gui": {
      "translation": [
        0.0,
        0.0,
        0.0
      ],
      "rotation": [
        35.0,
        225.0,
        0.0
      ],
      "scale": [
        0.625,
        0.625,
        0.625
      ]
    }
  }
}