{
  "file_name": "bone",
  "texture_size": [
    128,
    128
  ],
  "textures": {
    "layer0": "modelengine:entity/wither"
  },
  "elements": [
    {
      "name": "bone_0",
      "from": [
        7.1,
        28.811634,
        15.280382
      ],
      "to": [
        8.3,
        31.211636,
        20.680382
      ],
      "rotation": {
        "angle": 0.0,
        "axis": "z",
        "origin": [
          8.0,
          7.1800995,
          8.0
        ]
      },
      "faces": {
        "down": {
          "uv": [
            1.375,
            1.25,
            1.625,
            2.375
          ],
          "texture": "#layer0",
          "tintindex": 0
        },
        "east": {
          "uv": [
            0.0,
            2.375,
            1.125,
            2.875
          ],
          "texture": "#layer0",
          "tintindex": 0
        },
        "north": {
          "uv": [
            1.125,
            2.375,
            1.375,
            2.875
          ],
          "texture": "#layer0",
          "tintindex": 0
        },
        "south": {
          "uv": [
            2.5,
            2.375,
            2.75,
            2.875
          ],
          "texture": "#layer0",
          "tintindex": 0
        },
        "up": {
          "uv": [
            1.375,
            2.375,
            1.125,
            1.25
          ],
          "texture": "#layer0",
          "tintindex": 0
        },
        "west": {
          "uv": [
            1.375,
            2.375,
            2.5,
            2.875
          ],
          "texture": "#layer0",
          "tintindex": 0
        }
      }
    },
    {
      "name": "bone_1",
      "from": [
        6.8,
        27.911636,
        15.580382
      ],
      "to": [
        8.6,
        30.311634,
        17.380383
      ],
      "rotation": {
        "angle": 0.0,
        "axis": "z",
        "origin": [
          8.0,
          7.1800995,
          8.0
        ]
      },
      "faces": {
        "down": {
          "uv": [
            0.75,
            8.5,
            1.125,
            8.875
          ],
          "texture": "#layer0",
          "tintindex": 0
        },
        "east": {
          "uv": [
            0.0,
            8.875,
            0.375,
            9.375
          ],
          "texture": "#layer0",
          "tintindex": 0
        },
        "north": {
          "uv": [
            0.375,
            8.875,
            0.75,
            9.375
          ],
          "texture": "#layer0",
          "tintindex": 0
        },
        "south": {
          "uv": [
            1.125,
            8.875,
            1.5,
            9.375
          ],
          "texture": "#layer0",
          "tintindex": 0
        },
        "up": {
          "uv": [
            0.75,
            8.875,
            0.375,
            8.5
          ],
          "texture": "#layer0",
          "tintindex": 0
        },
        "west": {
          "uv": [
            0.75,
            8.875,
            1.125,
            9.375
          ],
          "texture": "#layer0",
          "tintindex": 0
        }
      }
    },
    {
      "name": "bone_2",
      "from": [
        6.05,
        30.161636,
        14.980382
      ],
      "to": [
        7.25,
        31.361637,
        19.780384
      ],
      "rotation": {
        "angle": 0.0,
        "axis": "z",
        "origin": [
          8.0,
          7.1800995,
          8.0
        ]
      },
      "faces": {
        "down": {
          "uv": [
            4.75,
            1.5,
            5.0,
            2.5
          ],
          "texture": "#layer0",
          "tintindex": 0
        },
        "east": {
          "uv": [
            3.5,
            2.5,
            4.5,
            2.75
          ],
          "texture": "#layer0",
          "tintindex": 0
        },
        "north": {
          "uv": [
            4.5,
            2.5,
            4.75,
            2.75
          ],
          "texture": "#layer0",
          "tintindex": 0
        },
        "south": {
          "uv": [
            5.75,
            2.5,
            6.0,
            2.75
          ],
          "texture": "#layer0",
          "tintindex": 0
        },
        "up": {
          "uv": [
            4.75,
            2.5,
            4.5,
            1.5
          ],
          "texture": "#layer0",
          "tintindex": 0
        },
        "west": {
          "uv": [
            4.75,
            2.5,
            5.75,
            2.75
          ],
          "texture": "#layer0",
          "tintindex": 0
        }
      }
    },
    {
      "name": "bone_3",
      "from": [
        6.6499996,
        30.8,
        17.850094
      ],
      "to": [
        7.25,
        32.0,
        18.450092
      ],
      "rotation": {
        "angle": 0.0,
        "axis": "z",
        "origin": [
          8.0,
          7.1800995,
          8.0
        ]
      },
      "faces": {
        "down": {
          "uv": [
            6.125,
            4.5,
            6.25,
            4.625
          ],
          "texture": "#layer0",
          "tintindex": 0
        },
        "east": {
          "uv": [
            5.875,
            4.625,
            6.0,
            4.875
          ],
          "texture": "#layer0",
          "tintindex": 0
        },
        "north": {
          "uv": [
            6.0,
            4.625,
            6.125,
            4.875
          ],
          "texture": "#layer0",
          "tintindex": 0
        },
        "south": {
          "uv": [
            6.25,
            4.625,
            6.375,
            4.875
          ],
          "texture": "#layer0",
          "tintindex": 0
        },
        "up": {
          "uv": [
            6.125,
            4.625,
            6.0,
            4.5
          ],
          "texture": "#layer0",
          "tintindex": 0
        },
        "west": {
          "uv": [
            6.125,
            4.625,
            6.25,
            4.875
          ],
          "texture": "#layer0",
          "tintindex": 0
        }
      }
    },
    {
      "name": "bone_4",
      "from": [
        7.1,
        30.745094,
        18.054998
      ],
      "to": [
        8.3,
        31.945095,
        18.654999
      ],
      "rotation": {
        "angle": 0.0,
        "axis": "z",
        "origin": [
          8.0,
          7.1800995,
          8.0
        ]
      },
      "faces": {
        "down": {
          "uv": [
            10.875,
            6.75,
            11.125,
            6.875
          ],
          "texture": "#layer0",
          "tintindex": 0
        },
        "east": {
          "uv": [
            10.5,
            6.875,
            10.625,
            7.125
          ],
          "texture": "#layer0",
          "tintindex": 0
        },
        "north": {
          "uv": [
            10.625,
            6.875,
            10.875,
            7.125
          ],
          "texture": "#layer0",
          "tintindex": 0
        },
        "south": {
          "uv": [
            11.0,
            6.875,
            11.25,
            7.125
          ],
          "texture": "#layer0",
          "tintindex": 0
        },
        "up": {
          "uv": [
            10.875,
            6.875,
            10.625,
            6.75
          ],
          "texture": "#layer0",
          "tintindex": 0
        },
        "west": {
          "uv": [
            10.875,
            6.875,
            11.0,
            7.125
          ],
          "texture": "#layer0",
          "tintindex": 0
        }
      }
    },
    {
      "name": "bone_5",
      "from": [
        6.35,
        28.661636,
        14.980382
      ],
      "to": [
        7.55,
        30.461636,
        20.380383
      ],
      "rotation": {
        "angle": 0.0,
        "axis": "z",
        "origin": [
          8.0,
          7.1800995,
          8.0
        ]
      },
      "faces": {
        "down": {
          "uv": [
            3.0,
            3.375,
            3.25,
            4.5
          ],
          "texture": "#layer0",
          "tintindex": 0
        },
        "east": {
          "uv": [
            1.625,
            4.5,
            2.75,
            4.875
          ],
          "texture": "#layer0",
          "tintindex": 0
        },
        "north": {
          "uv": [
            2.75,
            4.5,
            3.0,
            4.875
          ],
          "texture": "#layer0",
          "tintindex": 0
        },
        "south": {
          "uv": [
            4.125,
            4.5,
            4.375,
            4.875
          ],
          "texture": "#layer0",
          "tintindex": 0
        },
        "up": {
          "uv": [
            3.0,
            4.5,
            2.75,
            3.375
          ],
          "texture": "#layer0",
          "tintindex": 0
        },
        "west": {
          "uv": [
            3.0,
            4.5,
            4.125,
            4.875
          ],
          "texture": "#layer0",
          "tintindex": 0
        }
      }
    },
    {
      "name": "bone_6",
      "from": [
        4.3950024,
        29.261635,
        16.989231
      ],
      "to": [
        10.995003,
        31.061634,
        21.189232
      ],
      "rotation": {
        "angle": 0.0,
        "axis": "z",
        "origin": [
          8.0,
          7.1800995,
          8.0
        ]
      },
      "faces": {
        "down": {
          "uv": [
            2.25,
            0.0,
            3.625,
            0.875
          ],
          "texture": "#layer0",
          "tintindex": 0
        },
        "east": {
          "uv": [
            0.0,
            0.875,
            0.875,
            1.25
          ],
          "texture": "#layer0",
          "tintindex": 0
        },
        "north": {
          "uv": [
            0.875,
            0.875,
            2.25,
            1.25
          ],
          "texture": "#layer0",
          "tintindex": 0
        },
        "south": {
          "uv": [
            3.125,
            0.875,
            4.5,
            1.25
          ],
          "texture": "#layer0",
          "tintindex": 0
        },
        "up": {
          "uv": [
            2.25,
            0.875,
            0.875,
            0.0
          ],
          "texture": "#layer0",
          "tintindex": 0
        },
        "west": {
          "uv": [
            2.25,
            0.875,
            3.125,
            1.25
          ],
          "texture": "#layer0",
          "tintindex": 0
        }
      }
    },
    {
      "name": "bone_7",
      "from": [
        4.7,
        29.561634,
        19.239231
      ],
      "to": [
        5.8999996,
        31.361637,
        21.639229
      ],
      "rotation": {
        "angle": 0.0,
        "axis": "z",
        "origin": [
          8.0,
          7.1800995,
          8.0
        ]
      },
      "faces": {
        "down": {
          "uv": [
            9.25,
            3.375,
            9.5,
            3.875
          ],
          "texture": "#layer0",
          "tintindex": 0
        },
        "east": {
          "uv": [
            8.5,
            3.875,
            9.0,
            4.25
          ],
          "texture": "#layer0",
          "tintindex": 0
        },
        "north": {
          "uv": [
            9.0,
            3.875,
            9.25,
            4.25
          ],
          "texture": "#layer0",
          "tintindex": 0
        },
        "south": {
          "uv": [
            9.75,
            3.875,
            10.0,
            4.25
          ],
          "texture": "#layer0",
          "tintindex": 0
        },
        "up": {
          "uv": [
            9.25,
            3.875,
            9.0,
            3.375
          ],
          "texture": "#layer0",
          "tintindex": 0
        },
        "west": {
          "uv": [
            9.25,
            3.875,
            9.75,
            4.25
          ],
          "texture": "#layer0",
          "tintindex": 0
        }
      }
    },
    {
      "name": "bone_8",
      "from": [
        4.3999996,
        27.761635,
        15.430383
      ],
      "to": [
        6.8,
        30.161636,
        17.230383
      ],
      "rotation": {
        "angle": 0.0,
        "axis": "z",
        "origin": [
          8.0,
          7.1800995,
          8.0
        ]
      },
      "faces": {
        "down": {
          "uv": [
            8.125,
            1.75,
            8.625,
            2.125
          ],
          "texture": "#layer0",
          "tintindex": 0
        },
        "east": {
          "uv": [
            7.25,
            2.125,
            7.625,
            2.625
          ],
          "texture": "#layer0",
          "tintindex": 0
        },
        "north": {
          "uv": [
            7.625,
            2.125,
            8.125,
            2.625
          ],
          "texture": "#layer0",
          "tintindex": 0
        },
        "south": {
          "uv": [
            8.5,
            2.125,
            9.0,
            2.625
          ],
          "texture": "#layer0",
          "tintindex": 0
        },
        "up": {
          "uv": [
            8.125,
            2.125,
            7.625,
            1.75
          ],
          "texture": "#layer0",
          "tintindex": 0
        },
        "west": {
          "uv": [
            8.125,
            2.125,
            8.5,
            2.625
          ],
          "texture": "#layer0",
          "tintindex": 0
        }
      }
    },
    {
      "name": "bone_9",
      "from": [
        4.8199997,
        27.851635,
        17.230383
      ],
      "to": [
        6.62,
        30.251637,
        17.830383
      ],
      "rotation": {
        "angle": 0.0,
        "axis": "z",
        "origin": [
          8.0,
          7.1800995,
          8.0
        ]
      },
      "faces": {
        "down": {
          "uv": [
            10.625,
            8.5,
            11.0,
            8.625
          ],
          "texture": "#layer0",
          "tintindex": 0
        },
        "east": {
          "uv": [
            10.125,
            8.625,
            10.25,
            9.125
          ],
          "texture": "#layer0",
          "tintindex": 0
        },
        "north": {
          "uv": [
            10.25,
            8.625,
            10.625,
            9.125
          ],
          "texture": "#layer0",
          "tintindex": 0
        },
        "south": {
          "uv": [
            10.75,
            8.625,
            11.125,
            9.125
          ],
          "texture": "#layer0",
          "tintindex": 0
        },
        "up": {
          "uv": [
            10.625,
            8.625,
            10.25,
            8.5
          ],
          "texture": "#layer0",
          "tintindex": 0
        },
        "west": {
          "uv": [
            10.625,
            8.625,
            10.75,
            9.125
          ],
          "texture": "#layer0",
          "tintindex": 0
        }
      }
    },
    {
      "name": "bone_10",
      "from": [
        6.2,
        24.231255,
        13.480382
      ],
      "to": [
        9.2,
        25.431255,
        16.480383
      ],
      "rotation": {
        "angle": 0.0,
        "axis": "z",
        "origin": [
          8.0,
          7.1800995,
          8.0
        ]
      },
      "faces": {
        "down": {
          "uv": [
            6.25,
            0.0,
            6.875,
            0.625
          ],
          "texture": "#layer0",
          "tintindex": 0
        },
        "east": {
          "uv": [
            5.0,
            0.625,
            5.625,
            0.875
          ],
          "texture": "#layer0",
          "tintindex": 0
        },
        "north": {
          "uv": [
            5.625,
            0.625,
            6.25,
            0.875
          ],
          "texture": "#layer0",
          "tintindex": 0
        },
        "south": {
          "uv": [
            6.875,
            0.625,
            7.5,
            0.875
          ],
          "texture": "#layer0",
          "tintindex": 0
        },
        "up": {
          "uv": [
            6.25,
            0.625,
            5.625,
            0.0
          ],
          "texture": "#layer0",
          "tintindex": 0
        },
        "west": {
          "uv": [
            6.25,
            0.625,
            6.875,
            0.875
          ],
          "texture": "#layer0",
          "tintindex": 0
        }
      }
    },
    {
      "name": "bone_11",
      "from": [
        5.8999996,
        23.031254,
        14.980382
      ],
      "to": [
        9.5,
        24.231255,
        17.980383
      ],
      "rotation": {
        "angle": 0.0,
        "axis": "z",
        "origin": [
          8.0,
          7.1800995,
          8.0
        ]
      },
      "faces": {
        "down": {
          "uv": [
            5.125,
            4.25,
            5.875,
            4.875
          ],
          "texture": "#layer0",
          "tintindex": 0
        },
        "east": {
          "uv": [
            3.75,
            4.875,
            4.375,
            5.125
          ],
          "texture": "#layer0",
          "tintindex": 0
        },
        "north": {
          "uv": [
            4.375,
            4.875,
            5.125,
            5.125
          ],
          "texture": "#layer0",
          "tintindex": 0
        },
        "south": {
          "uv": [
            5.75,
            4.875,
            6.5,
            5.125
          ],
          "texture": "#layer0",
          "tintindex": 0
        },
        "up": {
          "uv": [
            5.125,
            4.875,
            4.375,
            4.25
          ],
          "texture": "#layer0",
          "tintindex": 0
        },
        "west": {
          "uv": [
            5.125,
            4.875,
            5.75,
            5.125
          ],
          "texture": "#layer0",
          "tintindex": 0
        }
      }
    },
    {
      "name": "bone_12",
      "from": [
        6.5,
        23.031254,
        14.530382
      ],
      "to": [
        8.9,
        24.231255,
        15.730383
      ],
      "rotation": {
        "angle": 0.0,
        "axis": "z",
        "origin": [
          8.0,
          7.1800995,
          8.0
        ]
      },
      "faces": {
        "down": {
          "uv": [
            10.125,
            5.0,
            10.625,
            5.25
          ],
          "texture": "#layer0",
          "tintindex": 0
        },
        "east": {
          "uv": [
            9.375,
            5.25,
            9.625,
            5.5
          ],
          "texture": "#layer0",
          "tintindex": 0
        },
        "north": {
          "uv": [
            9.625,
            5.25,
            10.125,
            5.5
          ],
          "texture": "#layer0",
          "tintindex": 0
        },
        "south": {
          "uv": [
            10.375,
            5.25,
            10.875,
            5.5
          ],
          "texture": "#layer0",
          "tintindex": 0
        },
        "up": {
          "uv": [
            10.125,
            5.25,
            9.625,
            5.0
          ],
          "texture": "#layer0",
          "tintindex": 0
        },
        "west": {
          "uv": [
            10.125,
            5.25,
            10.375,
            5.5
          ],
          "texture": "#layer0",
          "tintindex": 0
        }
      }
    },
    {
      "name": "bone_13",
      "from": [
        6.5,
        22.431255,
        14.530382
      ],
      "to": [
        8.9,
        23.031254,
        15.730383
      ],
      "rotation": {
        "angle": 0.0,
        "axis": "z",
        "origin": [
          8.0,
          7.1800995,
          8.0
        ]
      },
      "faces": {
        "down": {
          "uv": [
            5.75,
            0.875,
            6.25,
            1.125
          ],
          "texture": "#layer0",
          "tintindex": 0
        },
        "east": {
          "uv": [
            5.0,
            1.125,
            5.25,
            1.25
          ],
          "texture": "#layer0",
          "tintindex": 0
        },
        "north": {
          "uv": [
            5.25,
            1.125,
            5.75,
            1.25
          ],
          "texture": "#layer0",
          "tintindex": 0
        },
        "south": {
          "uv": [
            6.0,
            1.125,
            6.5,
            1.25
          ],
          "texture": "#layer0",
          "tintindex": 0
        },
        "up": {
          "uv": [
            5.75,
            1.125,
            5.25,
            0.875
          ],
          "texture": "#layer0",
          "tintindex": 0
        },
        "west": {
          "uv": [
            5.75,
            1.125,
            6.0,
            1.25
          ],
          "texture": "#layer0",
          "tintindex": 0
        }
      }
    },
    {
      "name": "bone_14",
      "from": [
        6.2,
        21.831253,
        15.730383
      ],
      "to": [
        9.2,
        23.031254,
        16.930382
      ],
      "rotation": {
        "angle": 0.0,
        "axis": "z",
        "origin": [
          8.0,
          7.1800995,
          8.0
        ]
      },
      "faces": {
        "down": {
          "uv": [
            9.25,
            7.75,
            9.875,
            8.0
          ],
          "texture": "#layer0",
          "tintindex": 0
        },
        "east": {
          "uv": [
            8.375,
            8.0,
            8.625,
            8.25
          ],
          "texture": "#layer0",
          "tintindex": 0
        },
        "north": {
          "uv": [
            8.625,
            8.0,
            9.25,
            8.25
          ],
          "texture": "#layer0",
          "tintindex": 0
        },
        "south": {
          "uv": [
            9.5,
            8.0,
            10.125,
            8.25
          ],
          "texture": "#layer0",
          "tintindex": 0
        },
        "up": {
          "uv": [
            9.25,
            8.0,
            8.625,
            7.75
          ],
          "texture": "#layer0",
          "tintindex": 0
        },
        "west": {
          "uv": [
            9.25,
            8.0,
            9.5,
            8.25
          ],
          "texture": "#layer0",
          "tintindex": 0
        }
      }
    },
    {
      "name": "bone_15",
      "from": [
        6.8,
        22.20856,
        15.299419
      ],
      "to": [
        8.6,
        23.408558,
        18.29942
      ],
      "rotation": {
        "angle": 0.0,
        "axis": "z",
        "origin": [
          8.0,
          7.1800995,
          8.0
        ]
      },
      "faces": {
        "down": {
          "uv": [
            6.375,
            2.5,
            6.75,
            3.125
          ],
          "texture": "#layer0",
          "tintindex": 0
        },
        "east": {
          "uv": [
            5.375,
            3.125,
            6.0,
            3.375
          ],
          "texture": "#layer0",
          "tintindex": 0
        },
        "north": {
          "uv": [
            6.0,
            3.125,
            6.375,
            3.375
          ],
          "texture": "#layer0",
          "tintindex": 0
        },
        "south": {
          "uv": [
            7.0,
            3.125,
            7.375,
            3.375
          ],
          "texture": "#layer0",
          "tintindex": 0
        },
        "up": {
          "uv": [
            6.375,
            3.125,
            6.0,
            2.5
          ],
          "texture": "#layer0",
          "tintindex": 0
        },
        "west": {
          "uv": [
            6.375,
            3.125,
            7.0,
            3.375
          ],
          "texture": "#layer0",
          "tintindex": 0
        }
      }
    },
    {
      "name": "bone_16",
      "from": [
        6.41,
        23.631256,
        16.490385
      ],
      "to": [
        7.61,
        25.431255,
        17.690384
      ],
      "rotation": {
        "angle": 0.0,
        "axis": "z",
        "origin": [
          8.0,
          7.1800995,
          8.0
        ]
      },
      "faces": {
        "down": {
          "uv": [
            0.5,
            10.25,
            0.75,
            10.5
          ],
          "texture": "#layer0",
          "tintindex": 0
        },
        "east": {
          "uv": [
            0.0,
            10.5,
            0.25,
            10.875
          ],
          "texture": "#layer0",
          "tintindex": 0
        },
        "north": {
          "uv": [
            0.25,
            10.5,
            0.5,
            10.875
          ],
          "texture": "#layer0",
          "tintindex": 0
        },
        "south": {
          "uv": [
            0.75,
            10.5,
            1.0,
            10.875
          ],
          "texture": "#layer0",
          "tintindex": 0
        },
        "up": {
          "uv": [
            0.5,
            10.5,
            0.25,
            10.25
          ],
          "texture": "#layer0",
          "tintindex": 0
        },
        "west": {
          "uv": [
            0.5,
            10.5,
            0.75,
            10.875
          ],
          "texture": "#layer0",
          "tintindex": 0
        }
      }
    },
    {
      "name": "bone_17",
      "from": [
        7.1,
        23.331253,
        16.38038
      ],
      "to": [
        8.3,
        26.331253,
        18.180382
      ],
      "rotation": {
        "angle": 0.0,
        "axis": "z",
        "origin": [
          8.0,
          7.1800995,
          8.0
        ]
      },
      "faces": {
        "down": {
          "uv": [
            8.875,
            9.125,
            9.125,
            9.5
          ],
          "texture": "#layer0",
          "tintindex": 0
        },
        "east": {
          "uv": [
            8.25,
            9.5,
            8.625,
            10.125
          ],
          "texture": "#layer0",
          "tintindex": 0
        },
        "north": {
          "uv": [
            8.625,
            9.5,
            8.875,
            10.125
          ],
          "texture": "#layer0",
          "tintindex": 0
        },
        "south": {
          "uv": [
            9.25,
            9.5,
            9.5,
            10.125
          ],
          "texture": "#layer0",
          "tintindex": 0
        },
        "up": {
          "uv": [
            8.875,
            9.5,
            8.625,
            9.125
          ],
          "texture": "#layer0",
          "tintindex": 0
        },
        "west": {
          "uv": [
            8.875,
            9.5,
            9.25,
            10.125
          ],
          "texture": "#layer0",
          "tintindex": 0
        }
      }
    },
    {
      "name": "bone_18",
      "from": [
        4.7,
        26.812267,
        17.79548
      ],
      "to": [
        10.700001,
        29.812267,
        18.99548
      ],
      "rotation": {
        "angle": 0.0,
        "axis": "z",
        "origin": [
          8.0,
          7.1800995,
          8.0
        ]
      },
      "faces": {
        "down": {
          "uv": [
            4.75,
            3.375,
            6.0,
            3.625
          ],
          "texture": "#layer0",
          "tintindex": 0
        },
        "east": {
          "uv": [
            3.25,
            3.625,
            3.5,
            4.25
          ],
          "texture": "#layer0",
          "tintindex": 0
        },
        "north": {
          "uv": [
            3.5,
            3.625,
            4.75,
            4.25
          ],
          "texture": "#layer0",
          "tintindex": 0
        },
        "south": {
          "uv": [
            5.0,
            3.625,
            6.25,
            4.25
          ],
          "texture": "#layer0",
          "tintindex": 0
        },
        "up": {
          "uv": [
            4.75,
            3.625,
            3.5,
            3.375
          ],
          "texture": "#layer0",
          "tintindex": 0
        },
        "west": {
          "uv": [
            4.75,
            3.625,
            5.0,
            4.25
          ],
          "texture": "#layer0",
          "tintindex": 0
        }
      }
    },
    {
      "name": "bone_19",
      "from": [
        4.7,
        27.712269,
        19.354328
      ],
      "to": [
        5.8999996,
        30.112267,
        20.554329
      ],
      "rotation": {
        "angle": 0.0,
        "axis": "z",
        "origin": [
          8.0,
          7.1800995,
          8.0
        ]
      },
      "faces": {
        "down": {
          "uv": [
            10.375,
            1.875,
            10.625,
            2.125
          ],
          "texture": "#layer0",
          "tintindex": 0
        },
        "east": {
          "uv": [
            9.875,
            2.125,
            10.125,
            2.625
          ],
          "texture": "#layer0",
          "tintindex": 0
        },
        "north": {
          "uv": [
            10.125,
            2.125,
            10.375,
            2.625
          ],
          "texture": "#layer0",
          "tintindex": 0
        },
        "south": {
          "uv": [
            10.625,
            2.125,
            10.875,
            2.625
          ],
          "texture": "#layer0",
          "tintindex": 0
        },
        "up": {
          "uv": [
            10.375,
            2.125,
            10.125,
            1.875
          ],
          "texture": "#layer0",
          "tintindex": 0
        },
        "west": {
          "uv": [
            10.375,
            2.125,
            10.625,
            2.625
          ],
          "texture": "#layer0",
          "tintindex": 0
        }
      }
    },
    {
      "name": "bone_20",
      "from": [
        5.8999996,
        27.78727,
        19.224422
      ],
      "to": [
        6.5,
        30.187267,
        20.424423
      ],
      "rotation": {
        "angle": 0.0,
        "axis": "z",
        "origin": [
          8.0,
          7.1800995,
          8.0
        ]
      },
      "faces": {
        "down": {
          "uv": [
            4.75,
            6.0,
            4.875,
            6.25
          ],
          "texture": "#layer0",
          "tintindex": 0
        },
        "east": {
          "uv": [
            4.375,
            6.25,
            4.625,
            6.75
          ],
          "texture": "#layer0",
          "tintindex": 0
        },
        "north": {
          "uv": [
            4.625,
            6.25,
            4.75,
            6.75
          ],
          "texture": "#layer0",
          "tintindex": 0
        },
        "south": {
          "uv": [
            5.0,
            6.25,
            5.125,
            6.75
          ],
          "texture": "#layer0",
          "tintindex": 0
        },
        "up": {
          "uv": [
            4.75,
            6.25,
            4.625,
            6.0
          ],
          "texture": "#layer0",
          "tintindex": 0
        },
        "west": {
          "uv": [
            4.75,
            6.25,
            5.0,
            6.75
          ],
          "texture": "#layer0",
          "tintindex": 0
        }
      }
    },
    {
      "name": "bone_21",
      "from": [
        6.8,
        27.231934,
        20.472363
      ],
      "to": [
        8.6,
        30.231934,
        21.672363
      ],
      "rotation": {
        "angle": 0.0,
        "axis": "z",
        "origin": [
          8.0,
          7.1800995,
          8.0
        ]
      },
      "faces": {
        "down": {
          "uv": [
            9.875,
            0.0,
            10.25,
            0.25
          ],
          "texture": "#layer0",
          "tintindex": 0
        },
        "east": {
          "uv": [
            9.25,
            0.25,
            9.5,
            0.875
          ],
          "texture": "#layer0",
          "tintindex": 0
        },
        "north": {
          "uv": [
            9.5,
            0.25,
            9.875,
            0.875
          ],
          "texture": "#layer0",
          "tintindex": 0
        },
        "south": {
          "uv": [
            10.125,
            0.25,
            10.5,
            0.875
          ],
          "texture": "#layer0",
          "tintindex": 0
        },
        "up": {
          "uv": [
            9.875,
            0.25,
            9.5,
            0.0
          ],
          "texture": "#layer0",
          "tintindex": 0
        },
        "west": {
          "uv": [
            9.875,
            0.25,
            10.125,
            0.875
          ],
          "texture": "#layer0",
          "tintindex": 0
        }
      }
    },
    {
      "name": "bone_22",
      "from": [
        6.35,
        27.591019,
        20.184326
      ],
      "to": [
        7.55,
        28.79102,
        21.384327
      ],
      "rotation": {
        "angle": 0.0,
        "axis": "z",
        "origin": [
          8.0,
          7.1800995,
          8.0
        ]
      },
      "faces": {
        "down": {
          "uv": [
            10.75,
            6.125,
            11.0,
            6.375
          ],
          "texture": "#layer0",
          "tintindex": 0
        },
        "east": {
          "uv": [
            10.25,
            6.375,
            10.5,
            6.625
          ],
          "texture": "#layer0",
          "tintindex": 0
        },
        "north": {
          "uv": [
            10.5,
            6.375,
            10.75,
            6.625
          ],
          "texture": "#layer0",
          "tintindex": 0
        },
        "south": {
          "uv": [
            11.0,
            6.375,
            11.25,
            6.625
          ],
          "texture": "#layer0",
          "tintindex": 0
        },
        "up": {
          "uv": [
            10.75,
            6.375,
            10.5,
            6.125
          ],
          "texture": "#layer0",
          "tintindex": 0
        },
        "west": {
          "uv": [
            10.75,
            6.375,
            11.0,
            6.625
          ],
          "texture": "#layer0",
          "tintindex": 0
        }
      }
    },
    {
      "name": "bone_23",
      "from": [
        6.35,
        29.111023,
        20.184326
      ],
      "to": [
        7.55,
        30.311024,
        21.384327
      ],
      "rotation": {
        "angle": 0.0,
        "axis": "z",
        "origin": [
          8.0,
          7.1800995,
          8.0
        ]
      },
      "faces": {
        "down": {
          "uv": [
            9.875,
            10.25,
            10.125,
            10.5
          ],
          "texture": "#layer0",
          "tintindex": 0
        },
        "east": {
          "uv": [
            9.375,
            10.5,
            9.625,
            10.75
          ],
          "texture": "#layer0",
          "tintindex": 0
        },
        "north": {
          "uv": [
            9.625,
            10.5,
            9.875,
            10.75
          ],
          "texture": "#layer0",
          "tintindex": 0
        },
        "south": {
          "uv": [
            10.125,
            10.5,
            10.375,
            10.75
          ],
          "texture": "#layer0",
          "tintindex": 0
        },
        "up": {
          "uv": [
            9.875,
            10.5,
            9.625,
            10.25
          ],
          "texture": "#layer0",
          "tintindex": 0
        },
        "west": {
          "uv": [
            9.875,
            10.5,
            10.125,
            10.75
          ],
          "texture": "#layer0",
          "tintindex": 0
        }
      }
    },
    {
      "name": "bone_24",
      "from": [
        6.4399996,
        28.511024,
        20.064327
      ],
      "to": [
        7.64,
        29.111023,
        21.264328
      ],
      "rotation": {
        "angle": 0.0,
        "axis": "z",
        "origin": [
          8.0,
          7.1800995,
          8.0
        ]
      },
      "faces": {
        "down": {
          "uv": [
            10.875,
            7.875,
            11.125,
            8.125
          ],
          "texture": "#layer0",
          "tintindex": 0
        },
        "east": {
          "uv": [
            10.375,
            8.125,
            10.625,
            8.25
          ],
          "texture": "#layer0",
          "tintindex": 0
        },
        "north": {
          "uv": [
            10.625,
            8.125,
            10.875,
            8.25
          ],
          "texture": "#layer0",
          "tintindex": 0
        },
        "south": {
          "uv": [
            11.125,
            8.125,
            11.375,
            8.25
          ],
          "texture": "#layer0",
          "tintindex": 0
        },
        "up": {
          "uv": [
            10.875,
            8.125,
            10.625,
            7.875
          ],
          "texture": "#layer0",
          "tintindex": 0
        },
        "west": {
          "uv": [
            10.875,
            8.125,
            11.125,
            8.25
          ],
          "texture": "#layer0",
          "tintindex": 0
        }
      }
    }
  ],
  "display": {
    "head": {
      "translation": [
        0.0,
        -3.2765892,
        0.0
      ],
      "rotation": [
        0.0,
        0.0,
        0.0
      ],
      "scale": [
        3.8095,
        3.8095,
        3.8095
      ]
    },
    "gui": {
      "translation": [
        0.0,
        0.0,
        0.0
      ],
      "rotation": [
        35.0,
        225.0,
        0.0
      ],
      "scale": [
        0.625,
        0.625,
        0.625
      ]
    }
  }
}