{
  "file_name": "eyes",
  "texture_size": [
    64,
    64
  ],
  "textures": {
    "layer0": "modelengine:entity/goblin"
  },
  "elements": [
    {
      "name": "eyes_0",
      "from": [
        6.7498035,
        7.7371645,
        7.7599998
      ],
      "to": [
        7.829804,
        8.217164,
        8.24
      ],
      "rotation": {
        "angle": -22.5,
        "axis": "z",
        "origin": [
          7.289804,
          7.9771633,
          8.0
        ]
      },
      "faces": {
        "down": {
          "uv": [
            14.25,
            3.5,
            14.75,
            3.75
          ],
          "texture": "#layer0",
          "tintindex": 0
        },
        "east": {
          "uv": [
            4.25,
            14.5,
            4.5,
            14.75
          ],
          "texture": "#layer0",
          "tintindex": 0
        },
        "north": {
          "uv": [
            13.5,
            14.25,
            14.0,
            14.5
          ],
          "texture": "#layer0",
          "tintindex": 0
        },
        "south": {
          "uv": [
            14.0,
            14.25,
            14.5,
            14.5
          ],
          "texture": "#layer0",
          "tintindex": 0
        },
        "up": {
          "uv": [
            14.75,
            3.5,
            14.25,
            3.25
          ],
          "texture": "#layer0",
          "tintindex": 0
        },
        "west": {
          "uv": [
            4.5,
            14.5,
            4.75,
            14.75
          ],
          "texture": "#layer0",
          "tintindex": 0
        }
      }
    },
    {
      "name": "eyes_1",
      "from": [
        8.170197,
        7.7371645,
        7.7599998
      ],
      "to": [
        9.250196,
        8.217164,
        8.24
      ],
      "rotation": {
        "angle": 22.5,
        "axis": "z",
        "origin": [
          8.7101965,
          7.9771633,
          8.0
        ]
      },
      "faces": {
        "down": {
          "uv": [
            14.25,
            4.5,
            14.75,
            4.75
          ],
          "texture": "#layer0",
          "tintindex": 0
        },
        "east": {
          "uv": [
            4.75,
            14.5,
            5.0,
            14.75
          ],
          "texture": "#layer0",
          "tintindex": 0
        },
        "north": {
          "uv": [
            14.25,
            3.75,
            14.75,
            4.0
          ],
          "texture": "#layer0",
          "tintindex": 0
        },
        "south": {
          "uv": [
            14.25,
            4.0,
            14.75,
            4.25
          ],
          "texture": "#layer0",
          "tintindex": 0
        },
        "up": {
          "uv": [
            14.75,
            4.5,
            14.25,
            4.25
          ],
          "texture": "#layer0",
          "tintindex": 0
        },
        "west": {
          "uv": [
            5.0,
            14.5,
            5.25,
            14.75
          ],
          "texture": "#layer0",
          "tintindex": 0
        }
      }
    }
  ],
  "display": {
    "head": {
      "translation": [
        0.0,
        -6.4,
        0.0
      ],
      "rotation": [
        0.0,
        0.0,
        0.0
      ],
      "scale": [
        3.8095,
        3.8095,
        3.8095
      ]
    },
    "gui": {
      "translation": [
        0.0,
        0.0,
        0.0
      ],
      "rotation": [
        35.0,
        225.0,
        0.0
      ],
      "scale": [
        0.625,
        0.625,
        0.625
      ]
    }
  }
}