{
  "file_name": "hand",
  "texture_size": [
    64,
    64
  ],
  "textures": {
    "layer0": "modelengine:entity/goblin"
  },
  "elements": [
    {
      "name": "hand_0",
      "from": [
        7.44125,
        5.7725,
        7.44125
      ],
      "to": [
        8.52125,
        8.0525,
        8.52125
      ],
      "rotation": {
        "angle": 0.0,
        "axis": "z",
        "origin": [
          8.0,
          8.0,
          8.0
        ]
      },
      "faces": {
        "down": {
          "uv": [
            14.25,
            6.0,
            14.5,
            6.25
          ],
          "texture": "#layer0",
          "tintindex": 0
        },
        "east": {
          "uv": [
            5.0,
            13.75,
            5.25,
            14.5
          ],
          "texture": "#layer0",
          "tintindex": 0
        },
        "north": {
          "uv": [
            11.0,
            6.75,
            11.25,
            7.5
          ],
          "texture": "#layer0",
          "tintindex": 0
        },
        "south": {
          "uv": [
            12.75,
            13.75,
            13.0,
            14.5
          ],
          "texture": "#layer0",
          "tintindex": 0
        },
        "up": {
          "uv": [
            14.5,
            6.0,
            14.25,
            5.75
          ],
          "texture": "#layer0",
          "tintindex": 0
        },
        "west": {
          "uv": [
            13.0,
            13.75,
            13.25,
            14.5
          ],
          "texture": "#layer0",
          "tintindex": 0
        }
      }
    },
    {
      "name": "hand_1",
      "from": [
        7.5837502,
        5.9525,
        6.12125
      ],
      "to": [
        8.30375,
        6.6724997,
        9.241251
      ],
      "rotation": {
        "angle": 0.0,
        "axis": "z",
        "origin": [
          8.0,
          8.0,
          8.0
        ]
      },
      "faces": {
        "down": {
          "uv": [
            3.75,
            13.75,
            4.0,
            15.0
          ],
          "texture": "#layer0",
          "tintindex": 0
        },
        "east": {
          "uv": [
            11.25,
            11.0,
            12.5,
            11.25
          ],
          "texture": "#layer0",
          "tintindex": 0
        },
        "north": {
          "uv": [
            14.25,
            7.75,
            14.5,
            8.0
          ],
          "texture": "#layer0",
          "tintindex": 0
        },
        "south": {
          "uv": [
            14.25,
            8.0,
            14.5,
            8.25
          ],
          "texture": "#layer0",
          "tintindex": 0
        },
        "up": {
          "uv": [
            7.25,
            11.75,
            7.0,
            10.5
          ],
          "texture": "#layer0",
          "tintindex": 0
        },
        "west": {
          "uv": [
            13.25,
            11.75,
            14.5,
            12.0
          ],
          "texture": "#layer0",
          "tintindex": 0
        }
      }
    },
    {
      "name": "hand_2",
      "from": [
        7.46375,
        5.8324995,
        1.8012497
      ],
      "to": [
        8.42375,
        6.7925,
        6.36125
      ],
      "rotation": {
        "angle": 0.0,
        "axis": "z",
        "origin": [
          8.0,
          8.0,
          8.0
        ]
      },
      "faces": {
        "down": {
          "uv": [
            7.25,
            12.25,
            7.5,
            14.0
          ],
          "texture": "#layer0",
          "tintindex": 0
        },
        "east": {
          "uv": [
            12.75,
            12.5,
            14.5,
            12.75
          ],
          "texture": "#layer0",
          "tintindex": 0
        },
        "north": {
          "uv": [
            14.25,
            8.75,
            14.5,
            9.0
          ],
          "texture": "#layer0",
          "tintindex": 0
        },
        "south": {
          "uv": [
            14.25,
            9.0,
            14.5,
            9.25
          ],
          "texture": "#layer0",
          "tintindex": 0
        },
        "up": {
          "uv": [
            7.5,
            12.25,
            7.25,
            10.5
          ],
          "texture": "#layer0",
          "tintindex": 0
        },
        "west": {
          "uv": [
            13.0,
            9.25,
            14.75,
            9.5
          ],
          "texture": "#layer0",
          "tintindex": 0
        }
      }
    },
    {
      "name": "hand_3",
      "from": [
        7.5237503,
        5.8925,
        9.02375
      ],
      "to": [
        8.36375,
        6.7325,
        9.26375
      ],
      "rotation": {
        "angle": 0.0,
        "axis": "z",
        "origin": [
          8.0,
          8.0,
          8.0
        ]
      },
      "faces": {
        "down": {
          "uv": [
            12.5,
            11.0,
            11.25,
            11.25
          ],
          "texture": "#layer0",
          "tintindex": 0
        },
        "east": {
          "uv": [
            11.25,
            11.0,
            12.5,
            11.25
          ],
          "texture": "#layer0",
          "tintindex": 0
        },
        "north": {
          "uv": [
            11.25,
            11.0,
            12.5,
            11.25
          ],
          "texture": "#layer0",
          "tintindex": 0
        },
        "south": {
          "uv": [
            11.25,
            11.0,
            12.5,
            11.25
          ],
          "texture": "#layer0",
          "tintindex": 0
        },
        "up": {
          "uv": [
            11.25,
            11.0,
            12.5,
            11.25
          ],
          "texture": "#layer0",
          "tintindex": 0
        },
        "west": {
          "uv": [
            11.25,
            11.0,
            12.5,
            11.25
          ],
          "texture": "#layer0",
          "tintindex": 0
        }
      }
    },
    {
      "name": "hand_4",
      "from": [
        7.30625,
        5.7124996,
        9.18125
      ],
      "to": [
        8.50625,
        6.9125,
        9.78125
      ],
      "rotation": {
        "angle": 0.0,
        "axis": "z",
        "origin": [
          8.0,
          8.0,
          8.0
        ]
      },
      "faces": {
        "down": {
          "uv": [
            12.5,
            7.75,
            13.0,
            8.0
          ],
          "texture": "#layer0",
          "tintindex": 0
        },
        "east": {
          "uv": [
            13.75,
            2.25,
            14.0,
            2.75
          ],
          "texture": "#layer0",
          "tintindex": 0
        },
        "north": {
          "uv": [
            11.75,
            13.75,
            12.25,
            14.25
          ],
          "texture": "#layer0",
          "tintindex": 0
        },
        "south": {
          "uv": [
            12.25,
            13.75,
            12.75,
            14.25
          ],
          "texture": "#layer0",
          "tintindex": 0
        },
        "up": {
          "uv": [
            13.0,
            3.75,
            12.5,
            3.5
          ],
          "texture": "#layer0",
          "tintindex": 0
        },
        "west": {
          "uv": [
            13.75,
            2.75,
            14.0,
            3.25
          ],
          "texture": "#layer0",
          "tintindex": 0
        }
      }
    }
  ],
  "display": {
    "head": {
      "translation": [
        0.0,
        -6.4,
        0.0
      ],
      "rotation": [
        0.0,
        0.0,
        0.0
      ],
      "scale": [
        3.8095,
        3.8095,
        3.8095
      ]
    },
    "gui": {
      "translation": [
        0.0,
        0.0,
        0.0
      ],
      "rotation": [
        35.0,
        225.0,
        0.0
      ],
      "scale": [
        0.625,
        0.625,
        0.625
      ]
    }
  }
}