{
  "file_name": "lear",
  "texture_size": [
    64,
    64
  ],
  "textures": {
    "layer0": "modelengine:entity/goblin"
  },
  "elements": [
    {
      "name": "lear_0",
      "from": [
        6.8075,
        8.172501,
        7.7
      ],
      "to": [
        8.0075,
        8.7725,
        8.3
      ],
      "rotation": {
        "angle": 0.0,
        "axis": "z",
        "origin": [
          8.0,
          8.0,
          8.0
        ]
      },
      "faces": {
        "down": {
          "uv": [
            13.75,
            3.75,
            14.25,
            4.0
          ],
          "texture": "#layer0",
          "tintindex": 0
        },
        "east": {
          "uv": [
            14.25,
            9.5,
            14.5,
            9.75
          ],
          "texture": "#layer0",
          "tintindex": 0
        },
        "north": {
          "uv": [
            13.5,
            13.25,
            14.0,
            13.5
          ],
          "texture": "#layer0",
          "tintindex": 0
        },
        "south": {
          "uv": [
            13.75,
            3.25,
            14.25,
            3.5
          ],
          "texture": "#layer0",
          "tintindex": 0
        },
        "up": {
          "uv": [
            14.25,
            3.75,
            13.75,
            3.5
          ],
          "texture": "#layer0",
          "tintindex": 0
        },
        "west": {
          "uv": [
            14.25,
            9.75,
            14.5,
            10.0
          ],
          "texture": "#layer0",
          "tintindex": 0
        }
      }
    },
    {
      "name": "lear_1",
      "from": [
        7.0175,
        7.82,
        7.7599998
      ],
      "to": [
        8.097499,
        8.3,
        8.24
      ],
      "rotation": {
        "angle": 0.0,
        "axis": "z",
        "origin": [
          8.0,
          8.0,
          8.0
        ]
      },
      "faces": {
        "down": {
          "uv": [
            14.0,
            1.0,
            14.5,
            1.25
          ],
          "texture": "#layer0",
          "tintindex": 0
        },
        "east": {
          "uv": [
            14.25,
            12.0,
            14.5,
            12.25
          ],
          "texture": "#layer0",
          "tintindex": 0
        },
        "north": {
          "uv": [
            14.0,
            0.25,
            14.5,
            0.5
          ],
          "texture": "#layer0",
          "tintindex": 0
        },
        "south": {
          "uv": [
            14.0,
            0.5,
            14.5,
            0.75
          ],
          "texture": "#layer0",
          "tintindex": 0
        },
        "up": {
          "uv": [
            14.5,
            1.0,
            14.0,
            0.75
          ],
          "texture": "#layer0",
          "tintindex": 0
        },
        "west": {
          "uv": [
            14.25,
            12.25,
            14.5,
            12.5
          ],
          "texture": "#layer0",
          "tintindex": 0
        }
      }
    },
    {
      "name": "lear_2",
      "from": [
        7.0774994,
        7.4675,
        7.8199997
      ],
      "to": [
        8.0375,
        7.8275003,
        8.18
      ],
      "rotation": {
        "angle": 0.0,
        "axis": "z",
        "origin": [
          8.0,
          8.0,
          8.0
        ]
      },
      "faces": {
        "down": {
          "uv": [
            14.0,
            3.0,
            14.5,
            3.25
          ],
          "texture": "#layer0",
          "tintindex": 0
        },
        "east": {
          "uv": [
            14.25,
            14.0,
            14.5,
            14.25
          ],
          "texture": "#layer0",
          "tintindex": 0
        },
        "north": {
          "uv": [
            14.0,
            2.25,
            14.5,
            2.5
          ],
          "texture": "#layer0",
          "tintindex": 0
        },
        "south": {
          "uv": [
            14.0,
            2.5,
            14.5,
            2.75
          ],
          "texture": "#layer0",
          "tintindex": 0
        },
        "up": {
          "uv": [
            14.5,
            3.0,
            14.0,
            2.75
          ],
          "texture": "#layer0",
          "tintindex": 0
        },
        "west": {
          "uv": [
            0.0,
            14.5,
            0.25,
            14.75
          ],
          "texture": "#layer0",
          "tintindex": 0
        }
      }
    },
    {
      "name": "lear_3",
      "from": [
        6.1670237,
        7.749272,
        7.8199997
      ],
      "to": [
        7.1270237,
        8.109272,
        8.18
      ],
      "rotation": {
        "angle": 22.5,
        "axis": "z",
        "origin": [
          6.647024,
          7.929273,
          8.0
        ]
      },
      "faces": {
        "down": {
          "uv": [
            14.0,
            2.0,
            14.5,
            2.25
          ],
          "texture": "#layer0",
          "tintindex": 0
        },
        "east": {
          "uv": [
            14.25,
            13.5,
            14.5,
            13.75
          ],
          "texture": "#layer0",
          "tintindex": 0
        },
        "north": {
          "uv": [
            14.0,
            1.25,
            14.5,
            1.5
          ],
          "texture": "#layer0",
          "tintindex": 0
        },
        "south": {
          "uv": [
            14.0,
            1.5,
            14.5,
            1.75
          ],
          "texture": "#layer0",
          "tintindex": 0
        },
        "up": {
          "uv": [
            14.5,
            2.0,
            14.0,
            1.75
          ],
          "texture": "#layer0",
          "tintindex": 0
        },
        "west": {
          "uv": [
            14.25,
            13.75,
            14.5,
            14.0
          ],
          "texture": "#layer0",
          "tintindex": 0
        }
      }
    },
    {
      "name": "lear_4",
      "from": [
        5.844524,
        8.064272,
        7.7599998
      ],
      "to": [
        6.9245243,
        8.544271,
        8.24
      ],
      "rotation": {
        "angle": 22.5,
        "axis": "z",
        "origin": [
          6.384524,
          8.304274,
          8.0
        ]
      },
      "faces": {
        "down": {
          "uv": [
            14.0,
            0.0,
            14.5,
            0.25
          ],
          "texture": "#layer0",
          "tintindex": 0
        },
        "east": {
          "uv": [
            14.25,
            10.0,
            14.5,
            10.25
          ],
          "texture": "#layer0",
          "tintindex": 0
        },
        "north": {
          "uv": [
            13.75,
            12.0,
            14.25,
            12.25
          ],
          "texture": "#layer0",
          "tintindex": 0
        },
        "south": {
          "uv": [
            13.75,
            12.25,
            14.25,
            12.5
          ],
          "texture": "#layer0",
          "tintindex": 0
        },
        "up": {
          "uv": [
            5.75,
            14.25,
            5.25,
            14.0
          ],
          "texture": "#layer0",
          "tintindex": 0
        },
        "west": {
          "uv": [
            14.25,
            10.25,
            14.5,
            10.5
          ],
          "texture": "#layer0",
          "tintindex": 0
        }
      }
    }
  ],
  "display": {
    "head": {
      "translation": [
        0.0,
        -6.4,
        0.0
      ],
      "rotation": [
        0.0,
        0.0,
        0.0
      ],
      "scale": [
        3.8095,
        3.8095,
        3.8095
      ]
    },
    "gui": {
      "translation": [
        0.0,
        0.0,
        0.0
      ],
      "rotation": [
        35.0,
        225.0,
        0.0
      ],
      "scale": [
        0.625,
        0.625,
        0.625
      ]
    }
  }
}