{
  "file_name": "rear",
  "texture_size": [
    64,
    64
  ],
  "textures": {
    "layer0": "modelengine:entity/goblin"
  },
  "elements": [
    {
      "name": "rear_0",
      "from": [
        7.97,
        8.007501,
        7.7
      ],
      "to": [
        9.17,
        8.6075,
        8.3
      ],
      "rotation": {
        "angle": 0.0,
        "axis": "z",
        "origin": [
          8.0,
          8.0,
          8.0
        ]
      },
      "faces": {
        "down": {
          "uv": [
            14.0,
            11.25,
            14.5,
            11.5
          ],
          "texture": "#layer0",
          "tintindex": 0
        },
        "east": {
          "uv": [
            0.25,
            14.5,
            0.5,
            14.75
          ],
          "texture": "#layer0",
          "tintindex": 0
        },
        "north": {
          "uv": [
            14.0,
            10.5,
            14.5,
            10.75
          ],
          "texture": "#layer0",
          "tintindex": 0
        },
        "south": {
          "uv": [
            14.0,
            10.75,
            14.5,
            11.0
          ],
          "texture": "#layer0",
          "tintindex": 0
        },
        "up": {
          "uv": [
            14.5,
            11.25,
            14.0,
            11.0
          ],
          "texture": "#layer0",
          "tintindex": 0
        },
        "west": {
          "uv": [
            0.5,
            14.5,
            0.75,
            14.75
          ],
          "texture": "#layer0",
          "tintindex": 0
        }
      }
    },
    {
      "name": "rear_1",
      "from": [
        7.955,
        7.655,
        7.7599998
      ],
      "to": [
        9.034999,
        8.135,
        8.24
      ],
      "rotation": {
        "angle": 0.0,
        "axis": "z",
        "origin": [
          8.0,
          8.0,
          8.0
        ]
      },
      "faces": {
        "down": {
          "uv": [
            0.5,
            14.25,
            1.0,
            14.5
          ],
          "texture": "#layer0",
          "tintindex": 0
        },
        "east": {
          "uv": [
            0.75,
            14.5,
            1.0,
            14.75
          ],
          "texture": "#layer0",
          "tintindex": 0
        },
        "north": {
          "uv": [
            14.0,
            11.5,
            14.5,
            11.75
          ],
          "texture": "#layer0",
          "tintindex": 0
        },
        "south": {
          "uv": [
            14.0,
            13.25,
            14.5,
            13.5
          ],
          "texture": "#layer0",
          "tintindex": 0
        },
        "up": {
          "uv": [
            0.5,
            14.5,
            0.0,
            14.25
          ],
          "texture": "#layer0",
          "tintindex": 0
        },
        "west": {
          "uv": [
            1.0,
            14.5,
            1.25,
            14.75
          ],
          "texture": "#layer0",
          "tintindex": 0
        }
      }
    },
    {
      "name": "rear_2",
      "from": [
        7.9775,
        7.3025002,
        7.8199997
      ],
      "to": [
        8.9375,
        7.6625004,
        8.18
      ],
      "rotation": {
        "angle": 0.0,
        "axis": "z",
        "origin": [
          8.0,
          8.0,
          8.0
        ]
      },
      "faces": {
        "down": {
          "uv": [
            2.5,
            14.25,
            3.0,
            14.5
          ],
          "texture": "#layer0",
          "tintindex": 0
        },
        "east": {
          "uv": [
            1.25,
            14.5,
            1.5,
            14.75
          ],
          "texture": "#layer0",
          "tintindex": 0
        },
        "north": {
          "uv": [
            1.0,
            14.25,
            1.5,
            14.5
          ],
          "texture": "#layer0",
          "tintindex": 0
        },
        "south": {
          "uv": [
            1.5,
            14.25,
            2.0,
            14.5
          ],
          "texture": "#layer0",
          "tintindex": 0
        },
        "up": {
          "uv": [
            2.5,
            14.5,
            2.0,
            14.25
          ],
          "texture": "#layer0",
          "tintindex": 0
        },
        "west": {
          "uv": [
            1.5,
            14.5,
            1.75,
            14.75
          ],
          "texture": "#layer0",
          "tintindex": 0
        }
      }
    },
    {
      "name": "rear_3",
      "from": [
        8.909131,
        7.5000563,
        7.8199997
      ],
      "to": [
        9.869131,
        7.8600564,
        8.18
      ],
      "rotation": {
        "angle": -22.5,
        "axis": "z",
        "origin": [
          9.389132,
          7.6800566,
          8.0
        ]
      },
      "faces": {
        "down": {
          "uv": [
            5.25,
            14.25,
            5.75,
            14.5
          ],
          "texture": "#layer0",
          "tintindex": 0
        },
        "east": {
          "uv": [
            1.75,
            14.5,
            2.0,
            14.75
          ],
          "texture": "#layer0",
          "tintindex": 0
        },
        "north": {
          "uv": [
            3.0,
            14.25,
            3.5,
            14.5
          ],
          "texture": "#layer0",
          "tintindex": 0
        },
        "south": {
          "uv": [
            4.0,
            14.25,
            4.5,
            14.5
          ],
          "texture": "#layer0",
          "tintindex": 0
        },
        "up": {
          "uv": [
            5.0,
            14.5,
            4.5,
            14.25
          ],
          "texture": "#layer0",
          "tintindex": 0
        },
        "west": {
          "uv": [
            2.0,
            14.5,
            2.25,
            14.75
          ],
          "texture": "#layer0",
          "tintindex": 0
        }
      }
    },
    {
      "name": "rear_4",
      "from": [
        8.999132,
        7.890056,
        7.7599998
      ],
      "to": [
        10.079131,
        8.370056,
        8.24
      ],
      "rotation": {
        "angle": -22.5,
        "axis": "z",
        "origin": [
          9.539132,
          8.130056,
          8.0
        ]
      },
      "faces": {
        "down": {
          "uv": [
            8.75,
            14.25,
            9.25,
            14.5
          ],
          "texture": "#layer0",
          "tintindex": 0
        },
        "east": {
          "uv": [
            2.25,
            14.5,
            2.5,
            14.75
          ],
          "texture": "#layer0",
          "tintindex": 0
        },
        "north": {
          "uv": [
            7.25,
            14.25,
            7.75,
            14.5
          ],
          "texture": "#layer0",
          "tintindex": 0
        },
        "south": {
          "uv": [
            7.75,
            14.25,
            8.25,
            14.5
          ],
          "texture": "#layer0",
          "tintindex": 0
        },
        "up": {
          "uv": [
            8.75,
            14.5,
            8.25,
            14.25
          ],
          "texture": "#layer0",
          "tintindex": 0
        },
        "west": {
          "uv": [
            2.5,
            14.5,
            2.75,
            14.75
          ],
          "texture": "#layer0",
          "tintindex": 0
        }
      }
    }
  ],
  "display": {
    "head": {
      "translation": [
        0.0,
        -6.4,
        0.0
      ],
      "rotation": [
        0.0,
        0.0,
        0.0
      ],
      "scale": [
        3.8095,
        3.8095,
        3.8095
      ]
    },
    "gui": {
      "translation": [
        0.0,
        0.0,
        0.0
      ],
      "rotation": [
        35.0,
        225.0,
        0.0
      ],
      "scale": [
        0.625,
        0.625,
        0.625
      ]
    }
  }
}