{"shoot.ak":{"category":"player","sounds":["shoot/ak"]},"shoot.bazooka":{"category":"player","sounds":["shoot/bazooka"]},"shoot.carbine":{"category":"player","sounds":["shoot/carbine"]},"shoot.gauss":{"category":"player","sounds":["shoot/gauss"]},"shoot.hunting":{"category":"player","sounds":["shoot/hunting"]},"shoot.hunting_silenced":{"category":"player","sounds":["shoot/hunting_silenced"]},"shoot.olympia":{"category":"player","sounds":["shoot/olympia"]},"shoot.python":{"category":"player","sounds":["shoot/python"]},"shoot.type95":{"category":"player","sounds":["shoot/type95"]},"shoot.deserteagle":{"category":"player","sounds":["shoot/deserteagle"]},"scope.end_scope":{"category":"player","sounds":["scope/end_scope"]},"scope.start_scope":{"category":"player","sounds":["scope/start_scope"]}}