{
  "file_name": "bone6",
  "texture_size": [
    128,
    128
  ],
  "textures": {
    "layer0": "modelengine:entity/fireman"
  },
  "elements": [
    {
      "name": "bone6_0",
      "from": [
        5.3,
        19.989998,
        4.1899996
      ],
      "to": [
        10.700001,
        24.189999,
        4.7899995
      ],
      "rotation": {
        "angle": 0.0,
        "axis": "z",
        "origin": [
          8.0,
          8.0,
          8.0
        ]
      },
      "faces": {
        "down": {
          "uv": [
            10.75,
            7.75,
            11.875,
            7.875
          ],
          "texture": "#layer0",
          "tintindex": 0
        },
        "east": {
          "uv": [
            9.5,
            7.875,
            9.625,
            8.75
          ],
          "texture": "#layer0",
          "tintindex": 0
        },
        "north": {
          "uv": [
            9.625,
            7.875,
            10.75,
            8.75
          ],
          "texture": "#layer0",
          "tintindex": 0
        },
        "south": {
          "uv": [
            10.875,
            7.875,
            12.0,
            8.75
          ],
          "texture": "#layer0",
          "tintindex": 0
        },
        "up": {
          "uv": [
            10.75,
            7.875,
            9.625,
            7.75
          ],
          "texture": "#layer0",
          "tintindex": 0
        },
        "west": {
          "uv": [
            10.75,
            7.875,
            10.875,
            8.75
          ],
          "texture": "#layer0",
          "tintindex": 0
        }
      }
    },
    {
      "name": "bone6_1",
      "from": [
        6.8,
        16.929998,
        9.279999
      ],
      "to": [
        9.2,
        19.329998,
        11.079998
      ],
      "rotation": {
        "angle": 0.0,
        "axis": "z",
        "origin": [
          8.0,
          8.0,
          8.0
        ]
      },
      "faces": {
        "down": {
          "uv": [
            3.125,
            12.25,
            3.625,
            12.625
          ],
          "texture": "#layer0",
          "tintindex": 0
        },
        "east": {
          "uv": [
            2.25,
            12.625,
            2.625,
            13.125
          ],
          "texture": "#layer0",
          "tintindex": 0
        },
        "north": {
          "uv": [
            2.625,
            12.625,
            3.125,
            13.125
          ],
          "texture": "#layer0",
          "tintindex": 0
        },
        "south": {
          "uv": [
            3.5,
            12.625,
            4.0,
            13.125
          ],
          "texture": "#layer0",
          "tintindex": 0
        },
        "up": {
          "uv": [
            3.125,
            12.625,
            2.625,
            12.25
          ],
          "texture": "#layer0",
          "tintindex": 0
        },
        "west": {
          "uv": [
            3.125,
            12.625,
            3.5,
            13.125
          ],
          "texture": "#layer0",
          "tintindex": 0
        }
      }
    },
    {
      "name": "bone6_2",
      "from": [
        5.0,
        22.938675,
        7.0991116
      ],
      "to": [
        11.0,
        28.338673,
        11.299112
      ],
      "rotation": {
        "angle": 0.0,
        "axis": "z",
        "origin": [
          8.0,
          8.0,
          8.0
        ]
      },
      "faces": {
        "down": {
          "uv": [
            8.25,
            3.0,
            9.5,
            3.875
          ],
          "texture": "#layer0",
          "tintindex": 0
        },
        "east": {
          "uv": [
            6.125,
            3.875,
            7.0,
            5.0
          ],
          "texture": "#layer0",
          "tintindex": 0
        },
        "north": {
          "uv": [
            7.0,
            3.875,
            8.25,
            5.0
          ],
          "texture": "#layer0",
          "tintindex": 0
        },
        "south": {
          "uv": [
            9.125,
            3.875,
            10.375,
            5.0
          ],
          "texture": "#layer0",
          "tintindex": 0
        },
        "up": {
          "uv": [
            8.25,
            3.875,
            7.0,
            3.0
          ],
          "texture": "#layer0",
          "tintindex": 0
        },
        "west": {
          "uv": [
            8.25,
            3.875,
            9.125,
            5.0
          ],
          "texture": "#layer0",
          "tintindex": 0
        }
      }
    },
    {
      "name": "bone6_3",
      "from": [
        1.9999998,
        24.832287,
        7.139702
      ],
      "to": [
        14.0,
        28.432285,
        13.139702
      ],
      "rotation": {
        "angle": 0.0,
        "axis": "z",
        "origin": [
          8.0,
          8.0,
          8.0
        ]
      },
      "faces": {
        "down": {
          "uv": [
            3.75,
            0.0,
            6.25,
            1.25
          ],
          "texture": "#layer0",
          "tintindex": 0
        },
        "east": {
          "uv": [
            0.0,
            1.25,
            1.25,
            2.0
          ],
          "texture": "#layer0",
          "tintindex": 0
        },
        "north": {
          "uv": [
            1.25,
            1.25,
            3.75,
            2.0
          ],
          "texture": "#layer0",
          "tintindex": 0
        },
        "south": {
          "uv": [
            5.0,
            1.25,
            7.5,
            2.0
          ],
          "texture": "#layer0",
          "tintindex": 0
        },
        "up": {
          "uv": [
            3.75,
            1.25,
            1.25,
            0.0
          ],
          "texture": "#layer0",
          "tintindex": 0
        },
        "west": {
          "uv": [
            3.75,
            1.25,
            5.0,
            2.0
          ],
          "texture": "#layer0",
          "tintindex": 0
        }
      }
    },
    {
      "name": "bone6_4",
      "from": [
        5.0,
        24.642113,
        10.547541
      ],
      "to": [
        11.0,
        29.442112,
        13.54754
      ],
      "rotation": {
        "angle": 0.0,
        "axis": "z",
        "origin": [
          8.0,
          8.0,
          8.0
        ]
      },
      "faces": {
        "down": {
          "uv": [
            10.625,
            0.0,
            11.875,
            0.625
          ],
          "texture": "#layer0",
          "tintindex": 0
        },
        "east": {
          "uv": [
            8.75,
            0.625,
            9.375,
            1.625
          ],
          "texture": "#layer0",
          "tintindex": 0
        },
        "north": {
          "uv": [
            9.375,
            0.625,
            10.625,
            1.625
          ],
          "texture": "#layer0",
          "tintindex": 0
        },
        "south": {
          "uv": [
            11.25,
            0.625,
            12.5,
            1.625
          ],
          "texture": "#layer0",
          "tintindex": 0
        },
        "up": {
          "uv": [
            10.625,
            0.625,
            9.375,
            0.0
          ],
          "texture": "#layer0",
          "tintindex": 0
        },
        "west": {
          "uv": [
            10.625,
            0.625,
            11.25,
            1.625
          ],
          "texture": "#layer0",
          "tintindex": 0
        }
      }
    },
    {
      "name": "bone6_5",
      "from": [
        5.6,
        16.929998,
        4.7899995
      ],
      "to": [
        10.4,
        20.529999,
        7.1899996
      ],
      "rotation": {
        "angle": 0.0,
        "axis": "z",
        "origin": [
          8.0,
          8.0,
          8.0
        ]
      },
      "faces": {
        "down": {
          "uv": [
            1.5,
            10.25,
            2.5,
            10.75
          ],
          "texture": "#layer0",
          "tintindex": 0
        },
        "east": {
          "uv": [
            0.0,
            10.75,
            0.5,
            11.5
          ],
          "texture": "#layer0",
          "tintindex": 0
        },
        "north": {
          "uv": [
            0.5,
            10.75,
            1.5,
            11.5
          ],
          "texture": "#layer0",
          "tintindex": 0
        },
        "south": {
          "uv": [
            2.0,
            10.75,
            3.0,
            11.5
          ],
          "texture": "#layer0",
          "tintindex": 0
        },
        "up": {
          "uv": [
            1.5,
            10.75,
            0.5,
            10.25
          ],
          "texture": "#layer0",
          "tintindex": 0
        },
        "west": {
          "uv": [
            1.5,
            10.75,
            2.0,
            11.5
          ],
          "texture": "#layer0",
          "tintindex": 0
        }
      }
    },
    {
      "name": "bone6_6",
      "from": [
        3.9499998,
        12.279999,
        3.5899997
      ],
      "to": [
        6.35,
        16.48,
        6.5899997
      ],
      "rotation": {
        "angle": 0.0,
        "axis": "z",
        "origin": [
          8.0,
          8.0,
          8.0
        ]
      },
      "faces": {
        "down": {
          "uv": [
            6.375,
            11.375,
            6.875,
            12.0
          ],
          "texture": "#layer0",
          "tintindex": 0
        },
        "east": {
          "uv": [
            5.25,
            12.0,
            5.875,
            12.875
          ],
          "texture": "#layer0",
          "tintindex": 0
        },
        "north": {
          "uv": [
            5.875,
            12.0,
            6.375,
            12.875
          ],
          "texture": "#layer0",
          "tintindex": 0
        },
        "south": {
          "uv": [
            7.0,
            12.0,
            7.5,
            12.875
          ],
          "texture": "#layer0",
          "tintindex": 0
        },
        "up": {
          "uv": [
            6.375,
            12.0,
            5.875,
            11.375
          ],
          "texture": "#layer0",
          "tintindex": 0
        },
        "west": {
          "uv": [
            6.375,
            12.0,
            7.0,
            12.875
          ],
          "texture": "#layer0",
          "tintindex": 0
        }
      }
    },
    {
      "name": "bone6_7",
      "from": [
        9.65,
        12.279999,
        3.5899997
      ],
      "to": [
        12.05,
        16.48,
        6.5899997
      ],
      "rotation": {
        "angle": 0.0,
        "axis": "z",
        "origin": [
          8.0,
          8.0,
          8.0
        ]
      },
      "faces": {
        "down": {
          "uv": [
            4.125,
            10.75,
            4.625,
            11.375
          ],
          "texture": "#layer0",
          "tintindex": 0
        },
        "east": {
          "uv": [
            3.0,
            11.375,
            3.625,
            12.25
          ],
          "texture": "#layer0",
          "tintindex": 0
        },
        "north": {
          "uv": [
            3.625,
            11.375,
            4.125,
            12.25
          ],
          "texture": "#layer0",
          "tintindex": 0
        },
        "south": {
          "uv": [
            4.75,
            11.375,
            5.25,
            12.25
          ],
          "texture": "#layer0",
          "tintindex": 0
        },
        "up": {
          "uv": [
            4.125,
            11.375,
            3.625,
            10.75
          ],
          "texture": "#layer0",
          "tintindex": 0
        },
        "west": {
          "uv": [
            4.125,
            11.375,
            4.75,
            12.25
          ],
          "texture": "#layer0",
          "tintindex": 0
        }
      }
    },
    {
      "name": "bone6_8",
      "from": [
        7.1,
        11.679998,
        2.9899995
      ],
      "to": [
        8.9,
        15.879999,
        4.7899995
      ],
      "rotation": {
        "angle": 0.0,
        "axis": "z",
        "origin": [
          8.0,
          8.0,
          8.0
        ]
      },
      "faces": {
        "down": {
          "uv": [
            11.5,
            12.125,
            11.875,
            12.5
          ],
          "texture": "#layer0",
          "tintindex": 0
        },
        "east": {
          "uv": [
            10.75,
            12.5,
            11.125,
            13.375
          ],
          "texture": "#layer0",
          "tintindex": 0
        },
        "north": {
          "uv": [
            11.125,
            12.5,
            11.5,
            13.375
          ],
          "texture": "#layer0",
          "tintindex": 0
        },
        "south": {
          "uv": [
            11.875,
            12.5,
            12.25,
            13.375
          ],
          "texture": "#layer0",
          "tintindex": 0
        },
        "up": {
          "uv": [
            11.5,
            12.5,
            11.125,
            12.125
          ],
          "texture": "#layer0",
          "tintindex": 0
        },
        "west": {
          "uv": [
            11.5,
            12.5,
            11.875,
            13.375
          ],
          "texture": "#layer0",
          "tintindex": 0
        }
      }
    },
    {
      "name": "bone6_9",
      "from": [
        4.3999996,
        14.529999,
        4.3399997
      ],
      "to": [
        11.6,
        16.93,
        10.34
      ],
      "rotation": {
        "angle": 0.0,
        "axis": "z",
        "origin": [
          8.0,
          8.0,
          8.0
        ]
      },
      "faces": {
        "down": {
          "uv": [
            7.75,
            5.0,
            9.25,
            6.25
          ],
          "texture": "#layer0",
          "tintindex": 0
        },
        "east": {
          "uv": [
            5.0,
            6.25,
            6.25,
            6.75
          ],
          "texture": "#layer0",
          "tintindex": 0
        },
        "north": {
          "uv": [
            6.25,
            6.25,
            7.75,
            6.75
          ],
          "texture": "#layer0",
          "tintindex": 0
        },
        "south": {
          "uv": [
            9.0,
            6.25,
            10.5,
            6.75
          ],
          "texture": "#layer0",
          "tintindex": 0
        },
        "up": {
          "uv": [
            7.75,
            6.25,
            6.25,
            5.0
          ],
          "texture": "#layer0",
          "tintindex": 0
        },
        "west": {
          "uv": [
            7.75,
            6.25,
            9.0,
            6.75
          ],
          "texture": "#layer0",
          "tintindex": 0
        }
      }
    },
    {
      "name": "bone6_10",
      "from": [
        5.6,
        13.329999,
        9.139999
      ],
      "to": [
        10.4,
        16.93,
        11.54
      ],
      "rotation": {
        "angle": 0.0,
        "axis": "z",
        "origin": [
          8.0,
          8.0,
          8.0
        ]
      },
      "faces": {
        "down": {
          "uv": [
            7.375,
            10.125,
            8.375,
            10.625
          ],
          "texture": "#layer0",
          "tintindex": 0
        },
        "east": {
          "uv": [
            5.875,
            10.625,
            6.375,
            11.375
          ],
          "texture": "#layer0",
          "tintindex": 0
        },
        "north": {
          "uv": [
            6.375,
            10.625,
            7.375,
            11.375
          ],
          "texture": "#layer0",
          "tintindex": 0
        },
        "south": {
          "uv": [
            7.875,
            10.625,
            8.875,
            11.375
          ],
          "texture": "#layer0",
          "tintindex": 0
        },
        "up": {
          "uv": [
            7.375,
            10.625,
            6.375,
            10.125
          ],
          "texture": "#layer0",
          "tintindex": 0
        },
        "west": {
          "uv": [
            7.375,
            10.625,
            7.875,
            11.375
          ],
          "texture": "#layer0",
          "tintindex": 0
        }
      }
    },
    {
      "name": "bone6_11",
      "from": [
        7.55,
        11.079998,
        5.39
      ],
      "to": [
        9.35,
        14.079999,
        7.19
      ],
      "rotation": {
        "angle": 0.0,
        "axis": "z",
        "origin": [
          8.0,
          8.0,
          8.0
        ]
      },
      "faces": {
        "down": {
          "uv": [
            4.75,
            12.5,
            5.125,
            12.875
          ],
          "texture": "#layer0",
          "tintindex": 0
        },
        "east": {
          "uv": [
            4.0,
            12.875,
            4.375,
            13.5
          ],
          "texture": "#layer0",
          "tintindex": 0
        },
        "north": {
          "uv": [
            4.375,
            12.875,
            4.75,
            13.5
          ],
          "texture": "#layer0",
          "tintindex": 0
        },
        "south": {
          "uv": [
            5.125,
            12.875,
            5.5,
            13.5
          ],
          "texture": "#layer0",
          "tintindex": 0
        },
        "up": {
          "uv": [
            4.75,
            12.875,
            4.375,
            12.5
          ],
          "texture": "#layer0",
          "tintindex": 0
        },
        "west": {
          "uv": [
            4.75,
            12.875,
            5.125,
            13.5
          ],
          "texture": "#layer0",
          "tintindex": 0
        }
      }
    },
    {
      "name": "bone6_12",
      "from": [
        9.05,
        10.779998,
        8.09
      ],
      "to": [
        10.25,
        11.979998,
        9.29
      ],
      "rotation": {
        "angle": 0.0,
        "axis": "z",
        "origin": [
          8.0,
          8.0,
          8.0
        ]
      },
      "faces": {
        "down": {
          "uv": [
            0.5,
            2.0,
            0.75,
            2.25
          ],
          "texture": "#layer0",
          "tintindex": 0
        },
        "east": {
          "uv": [
            0.0,
            2.25,
            0.25,
            2.5
          ],
          "texture": "#layer0",
          "tintindex": 0
        },
        "north": {
          "uv": [
            0.25,
            2.25,
            0.5,
            2.5
          ],
          "texture": "#layer0",
          "tintindex": 0
        },
        "south": {
          "uv": [
            0.75,
            2.25,
            1.0,
            2.5
          ],
          "texture": "#layer0",
          "tintindex": 0
        },
        "up": {
          "uv": [
            0.5,
            2.25,
            0.25,
            2.0
          ],
          "texture": "#layer0",
          "tintindex": 0
        },
        "west": {
          "uv": [
            0.5,
            2.25,
            0.75,
            2.5
          ],
          "texture": "#layer0",
          "tintindex": 0
        }
      }
    },
    {
      "name": "bone6_13",
      "from": [
        6.05,
        10.629997,
        8.99
      ],
      "to": [
        7.85,
        13.029998,
        10.190001
      ],
      "rotation": {
        "angle": 0.0,
        "axis": "z",
        "origin": [
          8.0,
          8.0,
          8.0
        ]
      },
      "faces": {
        "down": {
          "uv": [
            0.625,
            0.0,
            1.0,
            0.25
          ],
          "texture": "#layer0",
          "tintindex": 0
        },
        "east": {
          "uv": [
            0.0,
            0.25,
            0.25,
            0.75
          ],
          "texture": "#layer0",
          "tintindex": 0
        },
        "north": {
          "uv": [
            0.25,
            0.25,
            0.625,
            0.75
          ],
          "texture": "#layer0",
          "tintindex": 0
        },
        "south": {
          "uv": [
            0.875,
            0.25,
            1.25,
            0.75
          ],
          "texture": "#layer0",
          "tintindex": 0
        },
        "up": {
          "uv": [
            0.625,
            0.25,
            0.25,
            0.0
          ],
          "texture": "#layer0",
          "tintindex": 0
        },
        "west": {
          "uv": [
            0.625,
            0.25,
            0.875,
            0.75
          ],
          "texture": "#layer0",
          "tintindex": 0
        }
      }
    },
    {
      "name": "bone6_14",
      "from": [
        7.7,
        9.129997,
        6.29
      ],
      "to": [
        8.9,
        10.329998,
        7.4900002
      ],
      "rotation": {
        "angle": 0.0,
        "axis": "z",
        "origin": [
          8.0,
          8.0,
          8.0
        ]
      },
      "faces": {
        "down": {
          "uv": [
            0.5,
            0.75,
            0.75,
            1.0
          ],
          "texture": "#layer0",
          "tintindex": 0
        },
        "east": {
          "uv": [
            0.0,
            1.0,
            0.25,
            1.25
          ],
          "texture": "#layer0",
          "tintindex": 0
        },
        "north": {
          "uv": [
            0.25,
            1.0,
            0.5,
            1.25
          ],
          "texture": "#layer0",
          "tintindex": 0
        },
        "south": {
          "uv": [
            0.75,
            1.0,
            1.0,
            1.25
          ],
          "texture": "#layer0",
          "tintindex": 0
        },
        "up": {
          "uv": [
            0.5,
            1.0,
            0.25,
            0.75
          ],
          "texture": "#layer0",
          "tintindex": 0
        },
        "west": {
          "uv": [
            0.5,
            1.0,
            0.75,
            1.25
          ],
          "texture": "#layer0",
          "tintindex": 0
        }
      }
    },
    {
      "name": "bone6_15",
      "from": [
        5.6,
        9.729998,
        7.04
      ],
      "to": [
        6.8,
        10.929998,
        8.24
      ],
      "rotation": {
        "angle": 0.0,
        "axis": "z",
        "origin": [
          8.0,
          8.0,
          8.0
        ]
      },
      "faces": {
        "down": {
          "uv": [
            0.5,
            2.5,
            0.75,
            2.75
          ],
          "texture": "#layer0",
          "tintindex": 0
        },
        "east": {
          "uv": [
            0.0,
            2.75,
            0.25,
            3.0
          ],
          "texture": "#layer0",
          "tintindex": 0
        },
        "north": {
          "uv": [
            0.25,
            2.75,
            0.5,
            3.0
          ],
          "texture": "#layer0",
          "tintindex": 0
        },
        "south": {
          "uv": [
            0.75,
            2.75,
            1.0,
            3.0
          ],
          "texture": "#layer0",
          "tintindex": 0
        },
        "up": {
          "uv": [
            0.5,
            2.75,
            0.25,
            2.5
          ],
          "texture": "#layer0",
          "tintindex": 0
        },
        "west": {
          "uv": [
            0.5,
            2.75,
            0.75,
            3.0
          ],
          "texture": "#layer0",
          "tintindex": 0
        }
      }
    }
  ],
  "display": {
    "head": {
      "translation": [
        0.0,
        -6.4,
        0.0
      ],
      "rotation": [
        0.0,
        0.0,
        0.0
      ],
      "scale": [
        3.8095,
        3.8095,
        3.8095
      ]
    },
    "gui": {
      "translation": [
        0.0,
        0.0,
        0.0
      ],
      "rotation": [
        35.0,
        225.0,
        0.0
      ],
      "scale": [
        0.625,
        0.625,
        0.625
      ]
    }
  }
}