{
  "file_name": "left_arm_sub_5",
  "texture_size": [
    128,
    128
  ],
  "textures": {
    "layer0": "modelengine:entity/fireman"
  },
  "elements": [
    {
      "name": "left_arm_sub_5_0",
      "from": [
        19.750084,
        15.059463,
        3.224294
      ],
      "to": [
        21.550083,
        19.859463,
        5.024294
      ],
      "rotation": {
        "angle": 0.0,
        "axis": "z",
        "origin": [
          8.0,
          8.0,
          8.0
        ]
      },
      "faces": {
        "down": {
          "uv": [
            10.375,
            12.0,
            10.0,
            12.375
          ],
          "texture": "#layer0",
          "tintindex": 0
        },
        "east": {
          "uv": [
            10.375,
            12.375,
            10.0,
            13.375
          ],
          "texture": "#layer0",
          "tintindex": 0
        },
        "north": {
          "uv": [
            10.0,
            12.375,
            9.625,
            13.375
          ],
          "texture": "#layer0",
          "tintindex": 0
        },
        "south": {
          "uv": [
            10.75,
            12.375,
            10.375,
            13.375
          ],
          "texture": "#layer0",
          "tintindex": 0
        },
        "up": {
          "uv": [
            9.625,
            12.375,
            10.0,
            12.0
          ],
          "texture": "#layer0",
          "tintindex": 0
        },
        "west": {
          "uv": [
            9.625,
            12.375,
            9.25,
            13.375
          ],
          "texture": "#layer0",
          "tintindex": 0
        }
      }
    },
    {
      "name": "left_arm_sub_5_1",
      "from": [
        21.010082,
        15.059463,
        0.5242939
      ],
      "to": [
        22.210083,
        19.859463,
        3.524294
      ],
      "rotation": {
        "angle": 0.0,
        "axis": "z",
        "origin": [
          8.0,
          8.0,
          8.0
        ]
      },
      "faces": {
        "down": {
          "uv": [
            8.625,
            12.0,
            8.375,
            12.625
          ],
          "texture": "#layer0",
          "tintindex": 0
        },
        "east": {
          "uv": [
            9.0,
            12.625,
            8.375,
            13.625
          ],
          "texture": "#layer0",
          "tintindex": 0
        },
        "north": {
          "uv": [
            8.375,
            12.625,
            8.125,
            13.625
          ],
          "texture": "#layer0",
          "tintindex": 0
        },
        "south": {
          "uv": [
            9.25,
            12.625,
            9.0,
            13.625
          ],
          "texture": "#layer0",
          "tintindex": 0
        },
        "up": {
          "uv": [
            8.125,
            12.625,
            8.375,
            12.0
          ],
          "texture": "#layer0",
          "tintindex": 0
        },
        "west": {
          "uv": [
            8.125,
            12.625,
            7.5,
            13.625
          ],
          "texture": "#layer0",
          "tintindex": 0
        }
      }
    },
    {
      "name": "left_arm_sub_5_2",
      "from": [
        21.550083,
        15.959462,
        1.4242939
      ],
      "to": [
        22.750084,
        18.959461,
        5.024294
      ],
      "rotation": {
        "angle": 0.0,
        "axis": "z",
        "origin": [
          8.0,
          8.0,
          8.0
        ]
      },
      "faces": {
        "down": {
          "uv": [
            12.75,
            8.0,
            12.5,
            8.75
          ],
          "texture": "#layer0",
          "tintindex": 0
        },
        "east": {
          "uv": [
            13.25,
            8.75,
            12.5,
            9.375
          ],
          "texture": "#layer0",
          "tintindex": 0
        },
        "north": {
          "uv": [
            12.5,
            8.75,
            12.25,
            9.375
          ],
          "texture": "#layer0",
          "tintindex": 0
        },
        "south": {
          "uv": [
            13.5,
            8.75,
            13.25,
            9.375
          ],
          "texture": "#layer0",
          "tintindex": 0
        },
        "up": {
          "uv": [
            12.25,
            8.75,
            12.5,
            8.0
          ],
          "texture": "#layer0",
          "tintindex": 0
        },
        "west": {
          "uv": [
            12.25,
            8.75,
            11.5,
            9.375
          ],
          "texture": "#layer0",
          "tintindex": 0
        }
      }
    }
  ],
  "display": {
    "head": {
      "translation": [
        0.0,
        -6.4,
        0.0
      ],
      "rotation": [
        0.0,
        0.0,
        0.0
      ],
      "scale": [
        3.8095,
        3.8095,
        3.8095
      ]
    },
    "gui": {
      "translation": [
        0.0,
        0.0,
        0.0
      ],
      "rotation": [
        35.0,
        225.0,
        0.0
      ],
      "scale": [
        0.625,
        0.625,
        0.625
      ]
    }
  }
}