{
  "file_name": "left_arm_sub_7",
  "texture_size": [
    128,
    128
  ],
  "textures": {
    "layer0": "modelengine:entity/fireman"
  },
  "elements": [
    {
      "name": "left_arm_sub_7_0",
      "from": [
        19.798534,
        17.151901,
        -0.5994103
      ],
      "to": [
        21.598534,
        18.951902,
        1.8005899
      ],
      "rotation": {
        "angle": 0.0,
        "axis": "z",
        "origin": [
          8.0,
          8.0,
          8.0
        ]
      },
      "faces": {
        "down": {
          "uv": [
            13.375,
            2.75,
            13.0,
            3.25
          ],
          "texture": "#layer0",
          "tintindex": 0
        },
        "east": {
          "uv": [
            13.5,
            3.25,
            13.0,
            3.625
          ],
          "texture": "#layer0",
          "tintindex": 0
        },
        "north": {
          "uv": [
            13.0,
            3.25,
            12.625,
            3.625
          ],
          "texture": "#layer0",
          "tintindex": 0
        },
        "south": {
          "uv": [
            13.875,
            3.25,
            13.5,
            3.625
          ],
          "texture": "#layer0",
          "tintindex": 0
        },
        "up": {
          "uv": [
            12.625,
            3.25,
            13.0,
            2.75
          ],
          "texture": "#layer0",
          "tintindex": 0
        },
        "west": {
          "uv": [
            12.625,
            3.25,
            12.125,
            3.625
          ],
          "texture": "#layer0",
          "tintindex": 0
        }
      }
    },
    {
      "name": "left_arm_sub_7_1",
      "from": [
        19.798534,
        16.701902,
        -2.9994102
      ],
      "to": [
        21.598534,
        17.901901,
        -0.5994103
      ],
      "rotation": {
        "angle": 0.0,
        "axis": "z",
        "origin": [
          8.0,
          8.0,
          8.0
        ]
      },
      "faces": {
        "down": {
          "uv": [
            13.5,
            12.25,
            13.125,
            12.75
          ],
          "texture": "#layer0",
          "tintindex": 0
        },
        "east": {
          "uv": [
            13.625,
            12.75,
            13.125,
            13.0
          ],
          "texture": "#layer0",
          "tintindex": 0
        },
        "north": {
          "uv": [
            13.125,
            12.75,
            12.75,
            13.0
          ],
          "texture": "#layer0",
          "tintindex": 0
        },
        "south": {
          "uv": [
            14.0,
            12.75,
            13.625,
            13.0
          ],
          "texture": "#layer0",
          "tintindex": 0
        },
        "up": {
          "uv": [
            12.75,
            12.75,
            13.125,
            12.25
          ],
          "texture": "#layer0",
          "tintindex": 0
        },
        "west": {
          "uv": [
            12.75,
            12.75,
            12.25,
            13.0
          ],
          "texture": "#layer0",
          "tintindex": 0
        }
      }
    }
  ],
  "display": {
    "head": {
      "translation": [
        0.0,
        -6.4,
        0.0
      ],
      "rotation": [
        0.0,
        0.0,
        0.0
      ],
      "scale": [
        3.8095,
        3.8095,
        3.8095
      ]
    },
    "gui": {
      "translation": [
        0.0,
        0.0,
        0.0
      ],
      "rotation": [
        35.0,
        225.0,
        0.0
      ],
      "scale": [
        0.625,
        0.625,
        0.625
      ]
    }
  }
}